"date","wind_prod"
2015-01-01,467.791666666667
2015-01-02,247.125
2015-01-03,139.75
2015-01-04,184.875
2015-01-05,222.416666666667
2015-01-06,274.833333333333
2015-01-07,228.416666666667
2015-01-08,261.25
2015-01-09,1032.04166666667
2015-01-10,457.791666666667
2015-01-11,1028.375
2015-01-12,862.5
2015-01-13,1507.45833333333
2015-01-14,805.708333333333
2015-01-15,3147.54166666667
2015-01-16,1819.875
2015-01-17,1068.45833333333
2015-01-18,1798.66666666667
2015-01-19,2444.54166666667
2015-01-20,1744.54166666667
2015-01-21,3036.375
2015-01-22,2584.54166666667
2015-01-23,1483.45833333333
2015-01-24,1543.875
2015-01-25,1041.33333333333
2015-01-26,1296.54166666667
2015-01-27,1046.125
2015-01-28,1712.54166666667
2015-01-29,3008.58333333333
2015-01-30,3992.875
2015-01-31,3617.25
2015-02-01,2096.79166666667
2015-02-02,3162.5
2015-02-03,3526.04166666667
2015-02-04,2987.04166666667
2015-02-05,1992.25
2015-02-06,1386.79166666667
2015-02-07,1128.16666666667
2015-02-08,2170
2015-02-09,2699.54166666667
2015-02-10,1727.08333333333
2015-02-11,553.208333333333
2015-02-12,350.916666666667
2015-02-13,1786.70833333333
2015-02-14,2664.66666666667
2015-02-15,2753.16666666667
2015-02-16,2497.79166666667
2015-02-17,3315.125
2015-02-18,2500.875
2015-02-19,1140
2015-02-20,843.541666666667
2015-02-21,2847.83333333333
2015-02-22,2348.58333333333
2015-02-23,3163.625
2015-02-24,3084.04166666667
2015-02-25,2719.66666666667
2015-02-26,2413.20833333333
2015-02-27,2100.58333333333
2015-02-28,2000.25
2015-03-01,1780.16666666667
2015-03-02,975.125
2015-03-03,740.708333333333
2015-03-04,1829.33333333333
2015-03-05,3056.54166666667
2015-03-06,1551.45833333333
2015-03-07,670.041666666667
2015-03-08,622.5
2015-03-09,417.333333333333
2015-03-10,125.791666666667
2015-03-11,224.375
2015-03-12,1023.375
2015-03-13,2182.54166666667
2015-03-14,1578.5
2015-03-15,681
2015-03-16,808
2015-03-17,1495.54166666667
2015-03-18,1414.91666666667
2015-03-19,2191.25
2015-03-20,2377.29166666667
2015-03-21,1714.75
2015-03-22,2061.54166666667
2015-03-23,1848.58333333333
2015-03-24,3309.375
2015-03-25,3143.54166666667
2015-03-26,2374.79166666667
2015-03-27,1414.41666666667
2015-03-28,1431.45833333333
2015-03-29,1912.04166666667
2015-03-30,1971.16666666667
2015-03-31,1871.29166666667
2015-04-01,1731.58333333333
2015-04-02,1552.70833333333
2015-04-03,643
2015-04-04,1142.79166666667
2015-04-05,1053.33333333333
2015-04-06,670.583333333333
2015-04-07,1535.875
2015-04-08,2282.91666666667
2015-04-09,927.875
2015-04-10,338.458333333333
2015-04-11,450.208333333333
2015-04-12,1461.75
2015-04-13,1962.33333333333
2015-04-14,1749
2015-04-15,523.041666666667
2015-04-16,707.458333333333
2015-04-17,769.791666666667
2015-04-18,1555.75
2015-04-19,511.125
2015-04-20,373.916666666667
2015-04-21,950.291666666667
2015-04-22,576.791666666667
2015-04-23,215.041666666667
2015-04-24,662
2015-04-25,2229.79166666667
2015-04-26,1643.20833333333
2015-04-27,992.125
2015-04-28,547.083333333333
2015-04-29,928.166666666667
2015-04-30,937.25
2015-05-01,1394.58333333333
2015-05-02,1438.29166666667
2015-05-03,1589
2015-05-04,3172.04166666667
2015-05-05,1303.75
2015-05-06,282.166666666667
2015-05-07,1678.41666666667
2015-05-08,1359.25
2015-05-09,166.875
2015-05-10,461.208333333333
2015-05-11,317.125
2015-05-12,831.625
2015-05-13,1298.29166666667
2015-05-14,2441.20833333333
2015-05-15,2516.16666666667
2015-05-16,1616.875
2015-05-17,1470
2015-05-18,993.333333333333
2015-05-19,2784.83333333333
2015-05-20,1931.83333333333
2015-05-21,1844.08333333333
2015-05-22,1824.66666666667
2015-05-23,1603.45833333333
2015-05-24,1792.54166666667
2015-05-25,1457.54166666667
2015-05-26,1006.70833333333
2015-05-27,1204.95833333333
2015-05-28,577.083333333333
2015-05-29,1147.04166666667
2015-05-30,1292.20833333333
2015-05-31,1351.04166666667
2015-06-01,1004.66666666667
2015-06-02,535.083333333333
2015-06-03,468.666666666667
2015-06-04,492.958333333333
2015-06-05,670.583333333333
2015-06-06,644.625
2015-06-07,871.958333333333
2015-06-08,808.583333333333
2015-06-09,632.041666666667
2015-06-10,641.166666666667
2015-06-11,596.75
2015-06-12,673.416666666667
2015-06-13,828.25
2015-06-14,595.375
2015-06-15,603.625
2015-06-16,586.083333333333
2015-06-17,752.666666666667
2015-06-18,1655.5
2015-06-19,847.333333333333
2015-06-20,1041.625
2015-06-21,580.791666666667
2015-06-22,504.291666666667
2015-06-23,737.666666666667
2015-06-24,456.458333333333
2015-06-25,461.291666666667
2015-06-26,507.458333333333
2015-06-27,564.125
2015-06-28,619.541666666667
2015-06-29,617.166666666667
2015-06-30,496.166666666667
2015-07-01,499.916666666667
2015-07-02,643.291666666667
2015-07-03,743.458333333333
2015-07-04,593.541666666667
2015-07-05,971.208333333333
2015-07-06,652.416666666667
2015-07-07,1091.375
2015-07-08,978.583333333333
2015-07-09,1022.83333333333
2015-07-10,1121.04166666667
2015-07-11,1343.41666666667
2015-07-12,847.125
2015-07-13,657.875
2015-07-14,681.208333333333
2015-07-15,830.583333333333
2015-07-16,1179.41666666667
2015-07-17,719.083333333333
2015-07-18,882.833333333333
2015-07-19,836.708333333333
2015-07-20,772.791666666667
2015-07-21,1174.91666666667
2015-07-22,1313.41666666667
2015-07-23,1383.125
2015-07-24,1884.625
2015-07-25,1344.29166666667
2015-07-26,1356
2015-07-27,1739.625
2015-07-28,1859.83333333333
2015-07-29,1739.58333333333
2015-07-30,611.291666666667
2015-07-31,824.166666666667
2015-08-01,676
2015-08-02,641.958333333333
2015-08-03,858.666666666667
2015-08-04,840.416666666667
2015-08-05,623.083333333333
2015-08-06,890.125
2015-08-07,1697.875
2015-08-08,1522.83333333333
2015-08-09,986.416666666667
2015-08-10,599.125
2015-08-11,688.833333333333
2015-08-12,935.958333333333
2015-08-13,2210.375
2015-08-14,1814.16666666667
2015-08-15,986.166666666667
2015-08-16,680.833333333333
2015-08-17,948.166666666667
2015-08-18,1116.16666666667
2015-08-19,571.916666666667
2015-08-20,459.041666666667
2015-08-21,637.291666666667
2015-08-22,1406.625
2015-08-23,2181.79166666667
2015-08-24,999.125
2015-08-25,509.916666666667
2015-08-26,1050.08333333333
2015-08-27,1470.875
2015-08-28,543
2015-08-29,342.25
2015-08-30,926.041666666667
2015-08-31,411.416666666667
2015-09-01,514.333333333333
2015-09-02,834.708333333333
2015-09-03,1094.33333333333
2015-09-04,1132.70833333333
2015-09-05,816.375
2015-09-06,533.958333333333
2015-09-07,537.541666666667
2015-09-08,525.75
2015-09-09,476.5
2015-09-10,603
2015-09-11,565.416666666667
2015-09-12,745.791666666667
2015-09-13,2090.91666666667
2015-09-14,911.25
2015-09-15,2891.41666666667
2015-09-16,3359.83333333333
2015-09-17,901.791666666667
2015-09-18,613.666666666667
2015-09-19,522.791666666667
2015-09-20,346.875
2015-09-21,552.583333333333
2015-09-22,1504.29166666667
2015-09-23,1250.16666666667
2015-09-24,669.166666666667
2015-09-25,247.458333333333
2015-09-26,244.583333333333
2015-09-27,330.791666666667
2015-09-28,1040.5
2015-09-29,462.625
2015-09-30,595.708333333333
2015-10-01,389.208333333333
2015-10-02,831.375
2015-10-03,349.833333333333
2015-10-04,3397.54166666667
2015-10-05,3839.75
2015-10-06,2022.25
2015-10-07,677.791666666667
2015-10-08,688.5
2015-10-09,1022.70833333333
2015-10-10,2642.58333333333
2015-10-11,1535.04166666667
2015-10-12,1713.16666666667
2015-10-13,1775.33333333333
2015-10-14,1232.58333333333
2015-10-15,334
2015-10-16,708.333333333333
2015-10-17,3305.33333333333
2015-10-18,1813.91666666667
2015-10-19,832.583333333333
2015-10-20,2814.25
2015-10-21,1910.08333333333
2015-10-22,1007.79166666667
2015-10-23,689.541666666667
2015-10-24,246.375
2015-10-25,1045.66666666667
2015-10-26,1743.16666666667
2015-10-27,1885.08333333333
2015-10-28,2345.29166666667
2015-10-29,1981.29166666667
2015-10-30,2454.33333333333
2015-10-31,1778.45833333333
2015-11-01,2401.66666666667
2015-11-02,1581.5
2015-11-03,1452.54166666667
2015-11-04,2204.70833333333
2015-11-05,1341.83333333333
2015-11-06,761.458333333333
2015-11-07,1016.45833333333
2015-11-08,1600.91666666667
2015-11-09,195.5
2015-11-10,231.791666666667
2015-11-11,67.8333333333333
2015-11-12,113.291666666667
2015-11-13,681.291666666667
2015-11-14,1016.375
2015-11-15,210.333333333333
2015-11-16,181.208333333333
2015-11-17,437.125
2015-11-18,281.958333333333
2015-11-19,204.583333333333
2015-11-20,927.875
2015-11-21,3602.54166666667
2015-11-22,2303.08333333333
2015-11-23,1488.79166666667
2015-11-24,1081.08333333333
2015-11-25,2861.33333333333
2015-11-26,2797.5
2015-11-27,1340.70833333333
2015-11-28,1265.08333333333
2015-11-29,511.333333333333
2015-11-30,676.25
2015-12-01,620.583333333333
2015-12-02,600.125
2015-12-03,1274.16666666667
2015-12-04,221.25
2015-12-05,310.625
2015-12-06,914.833333333333
2015-12-07,2044.58333333333
2015-12-08,638.625
2015-12-09,1068.5
2015-12-10,600.333333333333
2015-12-11,700.208333333333
2015-12-12,913.833333333333
2015-12-13,2538.33333333333
2015-12-14,3105.83333333333
2015-12-15,3028.75
2015-12-16,2184
2015-12-17,2261.29166666667
2015-12-18,1800.41666666667
2015-12-19,3307.58333333333
2015-12-20,1031.95833333333
2015-12-21,410.291666666667
2015-12-22,937.166666666667
2015-12-23,459.875
2015-12-24,1083.54166666667
2015-12-25,1408.66666666667
2015-12-26,2552.95833333333
2015-12-27,3445.91666666667
2015-12-28,3698.66666666667
2015-12-29,1213.95833333333
2015-12-30,2900.29166666667
2015-12-31,514.041666666667
2016-01-01,3084.125
2016-01-02,1353.58333333333
2016-01-03,3365.91666666667
2016-01-04,3327.75
2016-01-05,2976.20833333333
2016-01-06,2838.08333333333
2016-01-07,3681.83333333333
2016-01-08,2835.25
2016-01-09,3038.70833333333
2016-01-10,3855.25
2016-01-11,3163.75
2016-01-12,716.25
2016-01-13,1525.25
2016-01-14,1737.83333333333
2016-01-15,1635.45833333333
2016-01-16,1945.75
2016-01-17,1345.25
2016-01-18,2234.33333333333
2016-01-19,739
2016-01-20,821.375
2016-01-21,738.333333333333
2016-01-22,461.333333333333
2016-01-23,1032.375
2016-01-24,2950.45833333333
2016-01-25,1414.625
2016-01-26,222.083333333333
2016-01-27,615.041666666667
2016-01-28,1383.33333333333
2016-01-29,1157.625
2016-01-30,1221.41666666667
2016-01-31,1627.58333333333
2016-02-01,451.625
2016-02-02,988.833333333333
2016-02-03,2293.66666666667
2016-02-04,2684
2016-02-05,1027.375
2016-02-06,2657.08333333333
2016-02-07,2816.58333333333
2016-02-08,2389.45833333333
2016-02-09,3639.70833333333
2016-02-10,3611.91666666667
2016-02-11,3273.29166666667
2016-02-12,3923.375
2016-02-13,3900.20833333333
2016-02-14,3654.20833333333
2016-02-15,3322.875
2016-02-16,1259.125
2016-02-17,1101.125
2016-02-18,1774.08333333333
2016-02-19,1240.29166666667
2016-02-20,1301.75
2016-02-21,1457.58333333333
2016-02-22,706.333333333333
2016-02-23,1003.66666666667
2016-02-24,2109.66666666667
2016-02-25,1626.41666666667
2016-02-26,2418.29166666667
2016-02-27,2666.125
2016-02-28,2889.33333333333
2016-02-29,1570.58333333333
2016-03-01,701.583333333333
2016-03-02,2160
2016-03-03,1974.16666666667
2016-03-04,3084.66666666667
2016-03-05,2719.75
2016-03-06,2075.91666666667
2016-03-07,3523.95833333333
2016-03-08,1341.91666666667
2016-03-09,2802.83333333333
2016-03-10,2788.54166666667
2016-03-11,1224.54166666667
2016-03-12,750.958333333333
2016-03-13,978
2016-03-14,1062.79166666667
2016-03-15,500.875
2016-03-16,525.541666666667
2016-03-17,659
2016-03-18,653.083333333333
2016-03-19,383.083333333333
2016-03-20,195.041666666667
2016-03-21,867.791666666667
2016-03-22,1217.75
2016-03-23,1064.91666666667
2016-03-24,1024.04166666667
2016-03-25,1120.875
2016-03-26,2486.45833333333
2016-03-27,2073.83333333333
2016-03-28,2869.625
2016-03-29,2138.95833333333
2016-03-30,1855.70833333333
2016-03-31,2814.33333333333
2016-04-01,525.708333333333
2016-04-02,1381.66666666667
2016-04-03,2494.125
2016-04-04,2644.16666666667
2016-04-05,2266.95833333333
2016-04-06,1250.08333333333
2016-04-07,1616.33333333333
2016-04-08,1979.20833333333
2016-04-09,1202.625
2016-04-10,2958.58333333333
2016-04-11,2183.54166666667
2016-04-12,2676.875
2016-04-13,2578.95833333333
2016-04-14,3169.66666666667
2016-04-15,2690.66666666667
2016-04-16,2588.20833333333
2016-04-17,572.916666666667
2016-04-18,2299
2016-04-19,2907
2016-04-20,1026.54166666667
2016-04-21,1040.875
2016-04-22,126.041666666667
2016-04-23,491.958333333333
2016-04-24,644.958333333333
2016-04-25,613.041666666667
2016-04-26,396.958333333333
2016-04-27,573.583333333333
2016-04-28,449.791666666667
2016-04-29,630.625
2016-04-30,1510
2016-05-01,1607.04166666667
2016-05-02,1141.04166666667
2016-05-03,987.458333333333
2016-05-04,1016.625
2016-05-05,252.125
2016-05-06,868.791666666667
2016-05-07,2835
2016-05-08,3328.66666666667
2016-05-09,2353.41666666667
2016-05-10,2552.04166666667
2016-05-11,1551.91666666667
2016-05-12,812.458333333333
2016-05-13,1633.79166666667
2016-05-14,1241.375
2016-05-15,761.625
2016-05-16,464.833333333333
2016-05-17,596
2016-05-18,1282.58333333333
2016-05-19,1566.08333333333
2016-05-20,456.958333333333
2016-05-21,852.166666666667
2016-05-22,1715.95833333333
2016-05-23,603.125
2016-05-24,1505.04166666667
2016-05-25,661.041666666667
2016-05-26,301.166666666667
2016-05-27,893.083333333333
2016-05-28,2208.95833333333
2016-05-29,1576.66666666667
2016-05-30,707.333333333333
2016-05-31,714.916666666667
2016-06-01,330.666666666667
2016-06-02,303.541666666667
2016-06-03,745.583333333333
2016-06-04,883.666666666667
2016-06-05,306.875
2016-06-06,509.291666666667
2016-06-07,400.625
2016-06-08,308.625
2016-06-09,1029
2016-06-10,2060.45833333333
2016-06-11,1766.20833333333
2016-06-12,1323.45833333333
2016-06-13,2277.79166666667
2016-06-14,1767.29166666667
2016-06-15,2919.54166666667
2016-06-16,2036.54166666667
2016-06-17,1185.66666666667
2016-06-18,1410
2016-06-19,779.791666666667
2016-06-20,498.416666666667
2016-06-21,435.166666666667
2016-06-22,602.333333333333
2016-06-23,437.666666666667
2016-06-24,974.541666666667
2016-06-25,1410.79166666667
2016-06-26,1640.25
2016-06-27,1143.79166666667
2016-06-28,883.541666666667
2016-06-29,1454.91666666667
2016-06-30,1438.375
2016-07-01,1149.16666666667
2016-07-02,1323.04166666667
2016-07-03,1060.66666666667
2016-07-04,545.375
2016-07-05,243.291666666667
2016-07-06,757.708333333333
2016-07-07,473.041666666667
2016-07-08,769.208333333333
2016-07-09,797.625
2016-07-10,1544
2016-07-11,1838.58333333333
2016-07-12,2320.25
2016-07-13,1885.16666666667
2016-07-14,1398
2016-07-15,1622.08333333333
2016-07-16,656.041666666667
2016-07-17,323.083333333333
2016-07-18,668.541666666667
2016-07-19,549.75
2016-07-20,951.708333333333
2016-07-21,1616.125
2016-07-22,1787.41666666667
2016-07-23,1428.29166666667
2016-07-24,1091.5
2016-07-25,701.833333333333
2016-07-26,698.916666666667
2016-07-27,966
2016-07-28,734.166666666667
2016-07-29,372.166666666667
2016-07-30,505.125
2016-07-31,960.791666666667
2016-08-01,851.625
2016-08-02,706.75
2016-08-03,1427.33333333333
2016-08-04,1804.45833333333
2016-08-05,1438.33333333333
2016-08-06,1506.58333333333
2016-08-07,1863.875
2016-08-08,1268.54166666667
2016-08-09,1373.04166666667
2016-08-10,2747.375
2016-08-11,1808.33333333333
2016-08-12,1023.5
2016-08-13,688.083333333333
2016-08-14,738.041666666667
2016-08-15,672.75
2016-08-16,638.083333333333
2016-08-17,1107.29166666667
2016-08-18,874.75
2016-08-19,1162.79166666667
2016-08-20,1755.41666666667
2016-08-21,1230.875
2016-08-22,814.5
2016-08-23,396.375
2016-08-24,483.916666666667
2016-08-25,478.291666666667
2016-08-26,786.25
2016-08-27,387.583333333333
2016-08-28,1180.79166666667
2016-08-29,1170.83333333333
2016-08-30,1335.66666666667
2016-08-31,870.083333333333
2016-09-01,638.166666666667
2016-09-02,367.791666666667
2016-09-03,340.375
2016-09-04,395.75
2016-09-05,393.291666666667
2016-09-06,989.5
2016-09-07,1022.5
2016-09-08,1735.875
2016-09-09,1536.29166666667
2016-09-10,1017.83333333333
2016-09-11,468.958333333333
2016-09-12,693.958333333333
2016-09-13,2312.70833333333
2016-09-14,1581.20833333333
2016-09-15,1349.45833333333
2016-09-16,1063.875
2016-09-17,630.708333333333
2016-09-18,599.958333333333
2016-09-19,372.958333333333
2016-09-20,383.583333333333
2016-09-21,490.875
2016-09-22,644.666666666667
2016-09-23,489.083333333333
2016-09-24,729.083333333333
2016-09-25,808.583333333333
2016-09-26,1109.75
2016-09-27,1527
2016-09-28,1646.79166666667
2016-09-29,1067.54166666667
2016-09-30,545.333333333333
2016-10-01,857.458333333333
2016-10-02,565.791666666667
2016-10-03,522.416666666667
2016-10-04,727.041666666667
2016-10-05,533.416666666667
2016-10-06,295.083333333333
2016-10-07,318.25
2016-10-08,727.958333333333
2016-10-09,868.458333333333
2016-10-10,523.375
2016-10-11,730.625
2016-10-12,550.875
2016-10-13,820.916666666667
2016-10-14,1325.75
2016-10-15,1480.58333333333
2016-10-16,835.708333333333
2016-10-17,673.125
2016-10-18,455.333333333333
2016-10-19,255.5
2016-10-20,256.666666666667
2016-10-21,721.416666666667
2016-10-22,1756.95833333333
2016-10-23,2780.45833333333
2016-10-24,2194.41666666667
2016-10-25,2425.95833333333
2016-10-26,966.208333333333
2016-10-27,1576.83333333333
2016-10-28,1106.25
2016-10-29,1139.20833333333
2016-10-30,588.291666666667
2016-10-31,1097.45833333333
2016-11-01,1284.83333333333
2016-11-02,917.791666666667
2016-11-03,651.333333333333
2016-11-04,1311.20833333333
2016-11-05,1939.54166666667
2016-11-06,1856.33333333333
2016-11-07,1933.375
2016-11-08,1703.875
2016-11-09,2258.20833333333
2016-11-10,1284.875
2016-11-11,595.833333333333
2016-11-12,460.083333333333
2016-11-13,1405.08333333333
2016-11-14,2942.08333333333
2016-11-15,2531.83333333333
2016-11-16,783.625
2016-11-17,360.375
2016-11-18,1197.125
2016-11-19,1685
2016-11-20,3250.375
2016-11-21,2411.41666666667
2016-11-22,466.083333333333
2016-11-23,1499.45833333333
2016-11-24,1553.45833333333
2016-11-25,3247.41666666667
2016-11-26,1898.54166666667
2016-11-27,951.791666666667
2016-11-28,522.375
2016-11-29,1405.75
2016-11-30,3793.25
2016-12-01,1878.70833333333
2016-12-02,1224.33333333333
2016-12-03,3530.41666666667
2016-12-04,2851.125
2016-12-05,1336.70833333333
2016-12-06,990.333333333333
2016-12-07,941.583333333333
2016-12-08,2756.875
2016-12-09,3084.45833333333
2016-12-10,1909.29166666667
2016-12-11,286.541666666667
2016-12-12,258.791666666667
2016-12-13,744.916666666667
2016-12-14,2175.66666666667
2016-12-15,1349.33333333333
2016-12-16,3241.375
2016-12-17,3148.79166666667
2016-12-18,2696.375
2016-12-19,1645.08333333333
2016-12-20,1098.25
2016-12-21,570
2016-12-22,287.75
2016-12-23,355.041666666667
2016-12-24,895.208333333333
2016-12-25,972.416666666667
2016-12-26,481.666666666667
2016-12-27,668.375
2016-12-28,1096.79166666667
2016-12-29,1291.54166666667
2016-12-30,606.875
2016-12-31,215.416666666667
2017-01-01,723.375
2017-01-02,3977.08333333333
2017-01-03,1725.375
2017-01-04,199.208333333333
2017-01-05,616.666666666667
2017-01-06,1316.5
2017-01-07,1003.29166666667
2017-01-08,1378.70833333333
2017-01-09,1383.16666666667
2017-01-10,3083.29166666667
2017-01-11,1580.16666666667
2017-01-12,1213.66666666667
2017-01-13,2692.29166666667
2017-01-14,1756.33333333333
2017-01-15,1045.5
2017-01-16,1088.16666666667
2017-01-17,1368.75
2017-01-18,2591.04166666667
2017-01-19,1703.29166666667
2017-01-20,1787.875
2017-01-21,526.75
2017-01-22,851.958333333333
2017-01-23,1181.625
2017-01-24,341.125
2017-01-25,305.208333333333
2017-01-26,2366.66666666667
2017-01-27,2580.54166666667
2017-01-28,1171.375
2017-01-29,2173.91666666667
2017-01-30,2129.75
2017-01-31,2238.375
2017-02-01,1832.125
2017-02-02,3696.33333333333
2017-02-03,3572.5
2017-02-04,3763.29166666667
2017-02-05,3364.75
2017-02-06,2417.29166666667
2017-02-07,2432.66666666667
2017-02-08,1135.25
2017-02-09,2017.58333333333
2017-02-10,1602.5
2017-02-11,2827.70833333333
2017-02-12,3103
2017-02-13,1713.75
2017-02-14,2058.20833333333
2017-02-15,1734.95833333333
2017-02-16,814.666666666667
2017-02-17,274.791666666667
2017-02-18,1234.20833333333
2017-02-19,2245.54166666667
2017-02-20,2182.54166666667
2017-02-21,2360.75
2017-02-22,1154.79166666667
2017-02-23,642.875
2017-02-24,1090.20833333333
2017-02-25,620.041666666667
2017-02-26,538.416666666667
2017-02-27,2249.66666666667
2017-02-28,2299.20833333333
2017-03-01,704.125
2017-03-02,547.916666666667
2017-03-03,2620.33333333333
2017-03-04,1158.45833333333
2017-03-05,2332.125
2017-03-06,2002.04166666667
2017-03-07,1216.75
2017-03-08,437.875
2017-03-09,1207.25
2017-03-10,1304.95833333333
2017-03-11,2003.29166666667
2017-03-12,3803.95833333333
2017-03-13,3313.08333333333
2017-03-14,3460.875
2017-03-15,2174.875
2017-03-16,1548.08333333333
2017-03-17,1482.16666666667
2017-03-18,322.916666666667
2017-03-19,409.625
2017-03-20,1586.875
2017-03-21,2391.125
2017-03-22,3093.83333333333
2017-03-23,1102.45833333333
2017-03-24,676.833333333333
2017-03-25,2551.79166666667
2017-03-26,2869.5
2017-03-27,1404.41666666667
2017-03-28,838.958333333333
2017-03-29,887.291666666667
2017-03-30,1613
2017-03-31,1841.75
2017-04-01,1792.79166666667
2017-04-02,613.75
2017-04-03,601.208333333333
2017-04-04,1051.125
2017-04-05,1924.08333333333
2017-04-06,2263.95833333333
2017-04-07,1110.875
2017-04-08,298.958333333333
2017-04-09,1519.95833333333
2017-04-10,1341.41666666667
2017-04-11,366.958333333333
2017-04-12,360.541666666667
2017-04-13,535.083333333333
2017-04-14,754.416666666667
2017-04-15,637.75
2017-04-16,965.125
2017-04-17,428.416666666667
2017-04-18,943.041666666667
2017-04-19,3182.08333333333
2017-04-20,3578.04166666667
2017-04-21,2550.41666666667
2017-04-22,942.583333333333
2017-04-23,319.625
2017-04-24,341.541666666667
2017-04-25,1157.75
2017-04-26,1421.75
2017-04-27,2749.58333333333
2017-04-28,2336.875
2017-04-29,1123.875
2017-04-30,3553.66666666667
2017-05-01,497.666666666667
2017-05-02,198.458333333333
2017-05-03,361.208333333333
2017-05-04,1369.91666666667
2017-05-05,2177.04166666667
2017-05-06,1041.125
2017-05-07,434.833333333333
2017-05-08,571.791666666667
2017-05-09,821.791666666667
2017-05-10,2035.54166666667
2017-05-11,3142.375
2017-05-12,2731.58333333333
2017-05-13,1291.5
2017-05-14,737.25
2017-05-15,344.083333333333
2017-05-16,259.958333333333
2017-05-17,1316.20833333333
2017-05-18,3097.66666666667
2017-05-19,1578.41666666667
2017-05-20,919.75
2017-05-21,2158.875
2017-05-22,455.916666666667
2017-05-23,1327.54166666667
2017-05-24,1134.20833333333
2017-05-25,411.083333333333
2017-05-26,346.666666666667
2017-05-27,531.083333333333
2017-05-28,790.125
2017-05-29,440.208333333333
2017-05-30,783.833333333333
2017-05-31,729.166666666667
2017-06-01,728.291666666667
2017-06-02,1257.58333333333
2017-06-03,1856.16666666667
2017-06-04,2272.79166666667
2017-06-05,1525.875
2017-06-06,1297.66666666667
2017-06-07,709.916666666667
2017-06-08,802.333333333333
2017-06-09,940
2017-06-10,647.833333333333
2017-06-11,809.708333333333
2017-06-12,649.458333333333
2017-06-13,1004.41666666667
2017-06-14,372.666666666667
2017-06-15,696.5
2017-06-16,643.333333333333
2017-06-17,453.875
2017-06-18,434.666666666667
2017-06-19,784.416666666667
2017-06-20,798
2017-06-21,524.958333333333
2017-06-22,476.791666666667
2017-06-23,862.125
2017-06-24,875.583333333333
2017-06-25,646.375
2017-06-26,657.875
2017-06-27,2133.54166666667
2017-06-28,3217.58333333333
2017-06-29,3139.70833333333
2017-06-30,2483.375
2017-07-01,1938.25
2017-07-02,1026.75
2017-07-03,1008.66666666667
2017-07-04,1150.875
2017-07-05,371.166666666667
2017-07-06,497.666666666667
2017-07-07,976.416666666667
2017-07-08,834.583333333333
2017-07-09,1250.25
2017-07-10,1405.91666666667
2017-07-11,949.875
2017-07-12,716.208333333333
2017-07-13,702.541666666667
2017-07-14,801.416666666667
2017-07-15,976.583333333333
2017-07-16,862.333333333333
2017-07-17,506.833333333333
2017-07-18,1219.125
2017-07-19,1098.125
2017-07-20,1771.75
2017-07-21,1955.41666666667
2017-07-22,1545.20833333333
2017-07-23,1664.58333333333
2017-07-24,2026.29166666667
2017-07-25,1635.125
2017-07-26,1016.29166666667
2017-07-27,1315.45833333333
2017-07-28,1654.70833333333
2017-07-29,1288.16666666667
2017-07-30,1503.79166666667
2017-07-31,1326.41666666667
2017-08-01,1253.45833333333
2017-08-02,888.166666666667
2017-08-03,1467.625
2017-08-04,1145.83333333333
2017-08-05,1499.54166666667
2017-08-06,1475.54166666667
2017-08-07,1354.04166666667
2017-08-08,2146.95833333333
2017-08-09,2548.75
2017-08-10,1910.20833333333
2017-08-11,939.833333333333
2017-08-12,695.416666666667
2017-08-13,525.875
2017-08-14,639.75
2017-08-15,1387.5
2017-08-16,1463.54166666667
2017-08-17,1197.79166666667
2017-08-18,1702.70833333333
2017-08-19,1364.79166666667
2017-08-20,1546.41666666667
2017-08-21,1113.5
2017-08-22,506.5
2017-08-23,820.25
2017-08-24,844.708333333333
2017-08-25,396.291666666667
2017-08-26,572.416666666667
2017-08-27,589.208333333333
2017-08-28,317.666666666667
2017-08-29,364.916666666667
2017-08-30,560.125
2017-08-31,1017.125
2017-09-01,1314.58333333333
2017-09-02,1452.33333333333
2017-09-03,1032.41666666667
2017-09-04,1121.29166666667
2017-09-05,812.625
2017-09-06,1235.45833333333
2017-09-07,1256.16666666667
2017-09-08,1257.66666666667
2017-09-09,3111.91666666667
2017-09-10,1558
2017-09-11,1686.5
2017-09-12,1283.45833333333
2017-09-13,812
2017-09-14,1939.5
2017-09-15,2552.08333333333
2017-09-16,1414.70833333333
2017-09-17,1016.875
2017-09-18,1515.45833333333
2017-09-19,484.375
2017-09-20,405.291666666667
2017-09-21,864.791666666667
2017-09-22,718.083333333333
2017-09-23,572.875
2017-09-24,641.083333333333
2017-09-25,1118.45833333333
2017-09-26,659.625
2017-09-27,343
2017-09-28,350.666666666667
2017-09-29,519.25
2017-09-30,1464.83333333333
2017-10-01,1371.08333333333
2017-10-02,578.375
2017-10-03,512.666666666667
2017-10-04,492.833333333333
2017-10-05,318.416666666667
2017-10-06,721.125
2017-10-07,1481.75
2017-10-08,378.708333333333
2017-10-09,140.708333333333
2017-10-10,144.708333333333
2017-10-11,259.083333333333
2017-10-12,409.416666666667
2017-10-13,83.5416666666667
2017-10-14,670.125
2017-10-15,2384.91666666667
2017-10-16,1177.95833333333
2017-10-17,1147.33333333333
2017-10-18,857.916666666667
2017-10-19,665.083333333333
2017-10-20,1329.5
2017-10-21,1672.875
2017-10-22,1101.5
2017-10-23,959.083333333333
2017-10-24,1367.66666666667
2017-10-25,1220.125
2017-10-26,615.666666666667
2017-10-27,1428.875
2017-10-28,2275.08333333333
2017-10-29,1737.45833333333
2017-10-30,2262.04166666667
2017-10-31,1132.91666666667
2017-11-01,1294.625
2017-11-02,1490.08333333333
2017-11-03,1523.25
2017-11-04,1595.375
2017-11-05,2114.66666666667
2017-11-06,1226.33333333333
2017-11-07,1127.08333333333
2017-11-08,2355.16666666667
2017-11-09,1886.83333333333
2017-11-10,1422.66666666667
2017-11-11,534
2017-11-12,1433.91666666667
2017-11-13,1677.91666666667
2017-11-14,2323.25
2017-11-15,683.833333333333
2017-11-16,150.75
2017-11-17,217.041666666667
2017-11-18,732.541666666667
2017-11-19,637.5
2017-11-20,231.541666666667
2017-11-21,973.791666666667
2017-11-22,2770.875
2017-11-23,2929.95833333333
2017-11-24,2044.54166666667
2017-11-25,802.958333333333
2017-11-26,1942.33333333333
2017-11-27,540.083333333333
2017-11-28,518.875
2017-11-29,1773.75
2017-11-30,1582.16666666667
2017-12-01,2354.875
2017-12-02,998.125
2017-12-03,1352.58333333333
2017-12-04,1494.79166666667
2017-12-05,985.958333333333
2017-12-06,222.541666666667
2017-12-07,487.708333333333
2017-12-08,1484
2017-12-09,2392.08333333333
2017-12-10,3459.33333333333
2017-12-11,2976.54166666667
2017-12-12,1061.20833333333
2017-12-13,1417.20833333333
2017-12-14,2870.70833333333
2017-12-15,2479.125
2017-12-16,1684.95833333333
2017-12-17,1027.91666666667
2017-12-18,1094.70833333333
2017-12-19,1900.625
2017-12-20,1250.66666666667
2017-12-21,1692.95833333333
2017-12-22,788.833333333333
2017-12-23,1873.54166666667
2017-12-24,1237.29166666667
2017-12-25,2006.83333333333
2017-12-26,2688.91666666667
2017-12-27,3546.125
2017-12-28,3536.25
2017-12-29,2304.125
2017-12-30,1477.41666666667
2017-12-31,2976.79166666667
2018-01-01,2625.08333333333
2018-01-02,2539.83333333333
2018-01-03,1921.79166666667
2018-01-04,2356.5
2018-01-05,2422.45833333333
2018-01-06,2416.625
2018-01-07,2802.04166666667
2018-01-08,909.083333333333
2018-01-09,2287.625
2018-01-10,3173.75
2018-01-11,2803.45833333333
2018-01-12,563.458333333333
2018-01-13,1664.375
2018-01-14,606.666666666667
2018-01-15,673.416666666667
2018-01-16,1506.54166666667
2018-01-17,1793.70833333333
2018-01-18,936.458333333333
2018-01-19,1937.75
2018-01-20,1728.58333333333
2018-01-21,1166.875
2018-01-22,1146.91666666667
2018-01-23,428.916666666667
2018-01-24,491.416666666667
2018-01-25,2637.70833333333
2018-01-26,2819.20833333333
2018-01-27,2206.91666666667
2018-01-28,3275.33333333333
2018-01-29,2600.625
2018-01-30,1419.41666666667
2018-01-31,650.166666666667
2018-02-01,3025.29166666667
2018-02-02,2480.04166666667
2018-02-03,1745.75
2018-02-04,2397.33333333333
2018-02-05,2272.83333333333
2018-02-06,2364.83333333333
2018-02-07,1828.95833333333
2018-02-08,1060.54166666667
2018-02-09,1296.91666666667
2018-02-10,2174.125
2018-02-11,2148.66666666667
2018-02-12,1138.41666666667
2018-02-13,2598.54166666667
2018-02-14,2843.79166666667
2018-02-15,1597.79166666667
2018-02-16,518.166666666667
2018-02-17,779.833333333333
2018-02-18,2077.08333333333
2018-02-19,1094.58333333333
2018-02-20,1286.83333333333
2018-02-21,1689.95833333333
2018-02-22,1301.16666666667
2018-02-23,1026.66666666667
2018-02-24,301.583333333333
2018-02-25,573
2018-02-26,2067.25
2018-02-27,1341.41666666667
2018-02-28,2729.70833333333
2018-03-01,3512.75
2018-03-02,3008.45833333333
2018-03-03,3236.95833333333
2018-03-04,2218
2018-03-05,3145.91666666667
2018-03-06,2672.16666666667
2018-03-07,1650.83333333333
2018-03-08,2151.04166666667
2018-03-09,3866.375
2018-03-10,3799.75
2018-03-11,4154
2018-03-12,2241.58333333333
2018-03-13,2189.41666666667
2018-03-14,3855.41666666667
2018-03-15,3235.08333333333
2018-03-16,2239.66666666667
2018-03-17,1256.375
2018-03-18,1527.29166666667
2018-03-19,3353.66666666667
2018-03-20,3153.375
2018-03-21,1849.875
2018-03-22,1012.33333333333
2018-03-23,2929.08333333333
2018-03-24,3951.875
2018-03-25,2136.66666666667
2018-03-26,1871.625
2018-03-27,1514.58333333333
2018-03-28,1538.125
2018-03-29,2643.5
2018-03-30,3218.29166666667
2018-03-31,1596.83333333333
2018-04-01,1847.54166666667
2018-04-02,2535.41666666667
2018-04-03,3704.25
2018-04-04,2982.79166666667
2018-04-05,1213.41666666667
2018-04-06,1800.625
2018-04-07,1087.58333333333
2018-04-08,2095.20833333333
2018-04-09,1898.08333333333
2018-04-10,2853.125
2018-04-11,2486.08333333333
2018-04-12,1754.75
2018-04-13,525.416666666667
2018-04-14,703.875
2018-04-15,1329.66666666667
2018-04-16,691.5
2018-04-17,528.958333333333
2018-04-18,923.791666666667
2018-04-19,775.666666666667
2018-04-20,2028.04166666667
2018-04-21,1723.16666666667
2018-04-22,497.833333333333
2018-04-23,728.375
2018-04-24,826.208333333333
2018-04-25,1243.25
2018-04-26,1357.875
2018-04-27,1658.875
2018-04-28,984.416666666667
2018-04-29,2259.04166666667
2018-04-30,519.583333333333
2018-05-01,1019.66666666667
2018-05-02,675.666666666667
2018-05-03,1287.70833333333
2018-05-04,2092.375
2018-05-05,959.708333333333
2018-05-06,520.416666666667
2018-05-07,397.041666666667
2018-05-08,1249.5
2018-05-09,1625.95833333333
2018-05-10,1449.70833333333
2018-05-11,696.5
2018-05-12,2678.33333333333
2018-05-13,1811.16666666667
2018-05-14,2092.375
2018-05-15,1310.04166666667
2018-05-16,1149.70833333333
2018-05-17,966.166666666667
2018-05-18,905.25
2018-05-19,594.083333333333
2018-05-20,394.333333333333
2018-05-21,323.166666666667
2018-05-22,213.833333333333
2018-05-23,244.958333333333
2018-05-24,772.208333333333
2018-05-25,363
2018-05-26,111.791666666667
2018-05-27,814.75
2018-05-28,1092
2018-05-29,510.25
2018-05-30,631.583333333333
2018-05-31,616.416666666667
2018-06-01,1312.25
2018-06-02,1368.875
2018-06-03,1113.625
2018-06-04,1811.70833333333
2018-06-05,1071.45833333333
2018-06-06,936.875
2018-06-07,765.875
2018-06-08,650.875
2018-06-09,482.541666666667
2018-06-10,1302.25
2018-06-11,1032.45833333333
2018-06-12,1369.70833333333
2018-06-13,1130.58333333333
2018-06-14,1013.20833333333
2018-06-15,1166.41666666667
2018-06-16,1429.70833333333
2018-06-17,1106.5
2018-06-18,1501.04166666667
2018-06-19,1372.125
2018-06-20,648.208333333333
2018-06-21,860.291666666667
2018-06-22,680.375
2018-06-23,728
2018-06-24,465.458333333333
2018-06-25,396.958333333333
2018-06-26,648.083333333333
2018-06-27,839.5
2018-06-28,715.75
2018-06-29,391.291666666667
2018-06-30,491.5
2018-07-01,1042.91666666667
2018-07-02,1057.79166666667
2018-07-03,383.166666666667
2018-07-04,922.666666666667
2018-07-05,775.083333333333
2018-07-06,756.458333333333
2018-07-07,735.791666666667
2018-07-08,645.625
2018-07-09,675.541666666667
2018-07-10,637.458333333333
2018-07-11,545.541666666667
2018-07-12,725.958333333333
2018-07-13,523.291666666667
2018-07-14,385
2018-07-15,514.833333333333
2018-07-16,782.625
2018-07-17,705.833333333333
2018-07-18,726.666666666667
2018-07-19,833.541666666667
2018-07-20,1492.95833333333
2018-07-21,1306.70833333333
2018-07-22,822.208333333333
2018-07-23,785.791666666667
2018-07-24,443.791666666667
2018-07-25,551.083333333333
2018-07-26,907.083333333333
2018-07-27,1077.41666666667
2018-07-28,1026.45833333333
2018-07-29,1155.45833333333
2018-07-30,1072.125
2018-07-31,839.875
2018-08-01,679.791666666667
2018-08-02,763
2018-08-03,411.458333333333
2018-08-04,469.166666666667
2018-08-05,647.583333333333
2018-08-06,955.916666666667
2018-08-07,2147.375
2018-08-08,1534.58333333333
2018-08-09,1805.16666666667
2018-08-10,1225.83333333333
2018-08-11,716.208333333333
2018-08-12,1091.95833333333
2018-08-13,1215.20833333333
2018-08-14,1014.16666666667
2018-08-15,985.416666666667
2018-08-16,973.291666666667
2018-08-17,1409.04166666667
2018-08-18,1583
2018-08-19,1318.45833333333
2018-08-20,1177.16666666667
2018-08-21,612.416666666667
2018-08-22,258.25
2018-08-23,681.375
2018-08-24,1301.54166666667
2018-08-25,1147.95833333333
2018-08-26,560.333333333333
2018-08-27,559.666666666667
2018-08-28,897.666666666667
2018-08-29,1343.33333333333
2018-08-30,791.25
2018-08-31,590.083333333333
2018-09-01,1161.16666666667
2018-09-02,756.083333333333
2018-09-03,339.541666666667
2018-09-04,357.083333333333
2018-09-05,308
2018-09-06,581.166666666667
2018-09-07,1016.08333333333
2018-09-08,757.333333333333
2018-09-09,361.291666666667
2018-09-10,631.416666666667
2018-09-11,587.75
2018-09-12,398.833333333333
2018-09-13,379.75
2018-09-14,316.166666666667
2018-09-15,419
2018-09-16,216.708333333333
2018-09-17,408.958333333333
2018-09-18,405.041666666667
2018-09-19,406.041666666667
2018-09-20,720.291666666667
2018-09-21,878.375
2018-09-22,349.5
2018-09-23,552.541666666667
2018-09-24,951.916666666667
2018-09-25,1052.33333333333
2018-09-26,822.583333333333
2018-09-27,895.708333333333
2018-09-28,415.291666666667
2018-09-29,643.125
2018-09-30,591.791666666667
2018-10-01,1719.91666666667
2018-10-02,2000.58333333333
2018-10-03,1059.45833333333
2018-10-04,541.208333333333
2018-10-05,408.708333333333
2018-10-06,1053.125
2018-10-07,2176.75
2018-10-08,2058.04166666667
2018-10-09,1099.79166666667
2018-10-10,1524.125
2018-10-11,2030.5
2018-10-12,1923.66666666667
2018-10-13,2527.95833333333
2018-10-14,2829.83333333333
2018-10-15,1542.66666666667
2018-10-16,221.375
2018-10-17,564
2018-10-18,1998.29166666667
2018-10-19,2418.66666666667
2018-10-20,2337.79166666667
2018-10-21,1885.375
2018-10-22,1013.41666666667
2018-10-23,1689.83333333333
2018-10-24,422.166666666667
2018-10-25,154.458333333333
2018-10-26,195.041666666667
2018-10-27,2920.08333333333
2018-10-28,3212.83333333333
2018-10-29,2349.54166666667
2018-10-30,2345.75
2018-10-31,948.583333333333
2018-11-01,1169.125
2018-11-02,1875.95833333333
2018-11-03,424.875
2018-11-04,1590.45833333333
2018-11-05,3274.95833333333
2018-11-06,3110.66666666667
2018-11-07,1872.04166666667
2018-11-08,2822.625
2018-11-09,2571.41666666667
2018-11-10,3734
2018-11-11,2216.95833333333
2018-11-12,380.75
2018-11-13,1222.375
2018-11-14,1689.25
2018-11-15,1425.54166666667
2018-11-16,1580.16666666667
2018-11-17,3688.375
2018-11-18,2421.54166666667
2018-11-19,237.083333333333
2018-11-20,2128.75
2018-11-21,2261.25
2018-11-22,1809.375
2018-11-23,1383.95833333333
2018-11-24,2851.91666666667
2018-11-25,1810
2018-11-26,2634.41666666667
2018-11-27,631.208333333333
2018-11-28,1625.5
2018-11-29,1961.375
2018-11-30,514.125
2018-12-01,1184.375
2018-12-02,1511.29166666667
2018-12-03,803.041666666667
2018-12-04,1297.83333333333
2018-12-05,793.583333333333
2018-12-06,814.333333333333
2018-12-07,1817.41666666667
2018-12-08,1565.70833333333
2018-12-09,694.916666666667
2018-12-10,1336.375
2018-12-11,493.083333333333
2018-12-12,1228.54166666667
2018-12-13,3728.04166666667
2018-12-14,1439.04166666667
2018-12-15,2669.29166666667
2018-12-16,2889.375
2018-12-17,1047.5
2018-12-18,2960.54166666667
2018-12-19,2176
2018-12-20,1140.125
2018-12-21,1436.95833333333
2018-12-22,562.041666666667
2018-12-23,1250.33333333333
2018-12-24,774.916666666667
2018-12-25,1106.75
2018-12-26,792.833333333333
2018-12-27,363.791666666667
2018-12-28,1392.91666666667
2018-12-29,2678.16666666667
2018-12-30,2705.41666666667
2018-12-31,1588.66666666667
2019-01-01,323.625
2019-01-02,1040.5
2019-01-03,1870.83333333333
2019-01-04,1313.875
2019-01-05,1016.29166666667
2019-01-06,1536.625
2019-01-07,1717.5
2019-01-08,1509.125
2019-01-09,1302.16666666667
2019-01-10,2853.79166666667
2019-01-11,2696.75
2019-01-12,1858.83333333333
2019-01-13,1242.875
2019-01-14,471.875
2019-01-15,647.75
2019-01-16,235.166666666667
2019-01-17,1089.45833333333
2019-01-18,361.291666666667
2019-01-19,2174.25
2019-01-20,3210.625
2019-01-21,1385.29166666667
2019-01-22,3136.83333333333
2019-01-23,4254.625
2019-01-24,3539.375
2019-01-25,1129.66666666667
2019-01-26,657.541666666667
2019-01-27,3245.5
2019-01-28,3185.25
2019-01-29,3247.04166666667
2019-01-30,2517.95833333333
2019-01-31,4173.58333333333
2019-02-01,4271.625
2019-02-02,3195.875
2019-02-03,855.833333333333
2019-02-04,153.25
2019-02-05,51.375
2019-02-06,445.458333333333
2019-02-07,732.458333333333
2019-02-08,649.75
2019-02-09,1143.08333333333
2019-02-10,2602.375
2019-02-11,1317.125
2019-02-12,1312.625
2019-02-13,490.416666666667
2019-02-14,2946.70833333333
2019-02-15,1466.5
2019-02-16,1358.125
2019-02-17,1064.625
2019-02-18,769.541666666667
2019-02-19,319.791666666667
2019-02-20,807.833333333333
2019-02-21,2490.5
2019-02-22,2708
2019-02-23,524.958333333333
2019-02-24,842.416666666667
2019-02-25,738.75
2019-02-26,2537.91666666667
2019-02-27,1531.5
2019-02-28,588.708333333333
2019-03-01,1119.16666666667
2019-03-02,992.125
2019-03-03,1924.08333333333
2019-03-04,1530.75
2019-03-05,2692.58333333333
2019-03-06,4057.29166666667
2019-03-07,1736.45833333333
2019-03-08,1023.875
2019-03-09,341.583333333333
2019-03-10,798.333333333333
2019-03-11,805.5
2019-03-12,1253.20833333333
2019-03-13,2891.16666666667
2019-03-14,940.25
2019-03-15,362.583333333333
2019-03-16,839.5
2019-03-17,1715.04166666667
2019-03-18,2015.83333333333
2019-03-19,1306.125
2019-03-20,2059.29166666667
2019-03-21,963.583333333333
2019-03-22,315.833333333333
2019-03-23,1326.125
2019-03-24,1413.95833333333
2019-03-25,1845.70833333333
2019-03-26,3439.33333333333
2019-03-27,2275.08333333333
2019-03-28,1504.04166666667
2019-03-29,686.666666666667
2019-03-30,349.5
2019-03-31,418.166666666667
2019-04-01,509.375
2019-04-02,842.625
2019-04-03,2742.58333333333
2019-04-04,1683.375
2019-04-05,2129.79166666667
2019-04-06,3203.25
2019-04-07,2029.75
2019-04-08,2163.58333333333
2019-04-09,3357.16666666667
2019-04-10,2768.66666666667
2019-04-11,820.583333333333
2019-04-12,343.875
2019-04-13,301.833333333333
2019-04-14,358.583333333333
2019-04-15,1707.16666666667
2019-04-16,974.958333333333
2019-04-17,2405.58333333333
2019-04-18,662.541666666667
2019-04-19,1318.45833333333
2019-04-20,2330.70833333333
2019-04-21,1762.83333333333
2019-04-22,1052
2019-04-23,2147.5
2019-04-24,3810.20833333333
2019-04-25,3752.75
2019-04-26,1317.16666666667
2019-04-27,841.666666666667
2019-04-28,448.166666666667
2019-04-29,575.25
2019-04-30,778.291666666667
2019-05-01,1107.79166666667
2019-05-02,1452.20833333333
2019-05-03,1026.04166666667
2019-05-04,594.458333333333
2019-05-05,618.166666666667
2019-05-06,468.25
2019-05-07,1864.45833333333
2019-05-08,3357.95833333333
2019-05-09,2117.45833333333
2019-05-10,1760.375
2019-05-11,737.875
2019-05-12,2184.83333333333
2019-05-13,1897.33333333333
2019-05-14,1346.16666666667
2019-05-15,954.916666666667
2019-05-16,2969.25
2019-05-17,3335.83333333333
2019-05-18,1943.625
2019-05-19,805.958333333333
2019-05-20,883.791666666667
2019-05-21,555.916666666667
2019-05-22,636.041666666667
2019-05-23,1503.875
2019-05-24,2448.91666666667
2019-05-25,1900.45833333333
2019-05-26,1380.375
2019-05-27,1794.45833333333
2019-05-28,2026.625
2019-05-29,1979.29166666667
2019-05-30,1555
2019-05-31,716.291666666667
2019-06-01,677.041666666667
2019-06-02,925.583333333333
2019-06-03,1021.125
2019-06-04,1932.66666666667
2019-06-05,2091.25
2019-06-06,2411.66666666667
2019-06-07,1648.70833333333
2019-06-08,1037.41666666667
2019-06-09,1422.125
2019-06-10,1571.95833333333
2019-06-11,2307.75
2019-06-12,1496.66666666667
2019-06-13,1269.66666666667
2019-06-14,967.375
2019-06-15,610.25
2019-06-16,661.666666666667
2019-06-17,569.333333333333
2019-06-18,2424.5
2019-06-19,904.5
2019-06-20,901.125
2019-06-21,983.708333333333
2019-06-22,901.916666666667
2019-06-23,830.333333333333
2019-06-24,221.666666666667
2019-06-25,162.125
2019-06-26,461.083333333333
2019-06-27,314.458333333333
2019-06-28,643.5
2019-06-29,752.916666666667
2019-06-30,954.916666666667
2019-07-01,1096.91666666667
2019-07-02,840.833333333333
2019-07-03,577
2019-07-04,608.375
2019-07-05,351.208333333333
2019-07-06,417.5
2019-07-07,394.666666666667
2019-07-08,518.958333333333
2019-07-09,623.958333333333
2019-07-10,818.708333333333
2019-07-11,570.75
2019-07-12,525.333333333333
2019-07-13,474.541666666667
2019-07-14,519.583333333333
2019-07-15,873.958333333333
2019-07-16,977.791666666667
2019-07-17,1360.08333333333
2019-07-18,1201.58333333333
2019-07-19,993.166666666667
2019-07-20,1570
2019-07-21,925.333333333333
2019-07-22,598.541666666667
2019-07-23,1000.25
2019-07-24,714.875
2019-07-25,972.458333333333
2019-07-26,2057
2019-07-27,1323.04166666667
2019-07-28,875.791666666667
2019-07-29,2451.33333333333
2019-07-30,2080.91666666667
2019-07-31,1371.08333333333
2019-08-01,1039.41666666667
2019-08-02,1060
2019-08-03,1314.125
2019-08-04,1143.125
2019-08-05,1132
2019-08-06,775.458333333333
2019-08-07,786.541666666667
2019-08-08,2085.95833333333
2019-08-09,1848.5
2019-08-10,999.625
2019-08-11,2125.58333333333
2019-08-12,1584.70833333333
2019-08-13,1189.29166666667
2019-08-14,1015.54166666667
2019-08-15,1437.45833333333
2019-08-16,1235.08333333333
2019-08-17,1213.33333333333
2019-08-18,1455.875
2019-08-19,1254.79166666667
2019-08-20,1600.04166666667
2019-08-21,1097.91666666667
2019-08-22,762.583333333333
2019-08-23,906.833333333333
2019-08-24,731.083333333333
2019-08-25,643.25
2019-08-26,1000.625
2019-08-27,372.875
2019-08-28,377.291666666667
2019-08-29,427.458333333333
2019-08-30,389.833333333333
2019-08-31,625.041666666667
2019-09-01,806.791666666667
2019-09-02,1631.29166666667
2019-09-03,948.541666666667
2019-09-04,782.625
2019-09-05,2766.45833333333
2019-09-06,2425.625
2019-09-07,2064.625
2019-09-08,1027.08333333333
2019-09-09,1203.70833333333
2019-09-10,2994.66666666667
2019-09-11,2228.08333333333
2019-09-12,1631.58333333333
2019-09-13,1630.20833333333
2019-09-14,1572.20833333333
2019-09-15,674.041666666667
2019-09-16,233.875
2019-09-17,573.791666666667
2019-09-18,420.541666666667
2019-09-19,369.666666666667
2019-09-20,495.375
2019-09-21,2614.95833333333
2019-09-22,1038.625
2019-09-23,696.75
2019-09-24,1872.54166666667
2019-09-25,1313.41666666667
2019-09-26,744.625
2019-09-27,1097.79166666667
2019-09-28,382.583333333333
2019-09-29,762.416666666667
2019-09-30,435.875
2019-10-01,1961.75
2019-10-02,1274.08333333333
2019-10-03,815.875
2019-10-04,627.083333333333
2019-10-05,801.625
2019-10-06,1160.45833333333
2019-10-07,788.625
2019-10-08,1000.29166666667
2019-10-09,2107.125
2019-10-10,1139.70833333333
2019-10-11,632.291666666667
2019-10-12,2218.25
2019-10-13,2737.66666666667
2019-10-14,2444.625
2019-10-15,1312.41666666667
2019-10-16,2342.66666666667
2019-10-17,1740.33333333333
2019-10-18,1000.20833333333
2019-10-19,2465.5
2019-10-20,1718.79166666667
2019-10-21,324.666666666667
2019-10-22,1358.33333333333
2019-10-23,2389.25
2019-10-24,1033.08333333333
2019-10-25,1364.04166666667
2019-10-26,1604.79166666667
2019-10-27,1168.04166666667
2019-10-28,1093.125
2019-10-29,690
2019-10-30,1133.79166666667
2019-10-31,1142.375
2019-11-01,3159.5
2019-11-02,3315.75
2019-11-03,3658.45833333333
2019-11-04,3873.08333333333
2019-11-05,3399.04166666667
2019-11-06,1665.95833333333
2019-11-07,3344.08333333333
2019-11-08,2229.33333333333
2019-11-09,2555.45833333333
2019-11-10,3038.125
2019-11-11,2555.875
2019-11-12,2674.33333333333
2019-11-13,3135.375
2019-11-14,4248.04166666667
2019-11-15,3271.66666666667
2019-11-16,1649.5
2019-11-17,2373.91666666667
2019-11-18,1397.54166666667
2019-11-19,659.25
2019-11-20,1190.75
2019-11-21,1089.58333333333
2019-11-22,4250.16666666667
2019-11-23,3255.66666666667
2019-11-24,2152.58333333333
2019-11-25,2457.375
2019-11-26,3712.79166666667
2019-11-27,2799.625
2019-11-28,3001.79166666667
2019-11-29,1357.375
2019-11-30,3010.83333333333
2019-12-01,3000.16666666667
2019-12-02,3592.58333333333
2019-12-03,2033.75
2019-12-04,1143.70833333333
2019-12-05,2536.58333333333
2019-12-06,717.583333333333
2019-12-07,186.458333333333
2019-12-08,725.333333333333
2019-12-09,1022.20833333333
2019-12-10,560.375
2019-12-11,2888.20833333333
2019-12-12,4006
2019-12-13,3738.125
2019-12-14,2392.375
2019-12-15,2948.33333333333
2019-12-16,1766.5
2019-12-17,1990.41666666667
2019-12-18,3754.91666666667
2019-12-19,3854.04166666667
2019-12-20,3888.33333333333
2019-12-21,3667.91666666667
2019-12-22,3124.04166666667
2019-12-23,1104.91666666667
2019-12-24,1285.66666666667
2019-12-25,2181.58333333333
2019-12-26,850.833333333333
2019-12-27,1155.04166666667
2019-12-28,1058.16666666667
2019-12-29,1032.04166666667
2019-12-30,203.583333333333
2019-12-31,152.791666666667
2020-01-01,87.7083333333333
2020-01-02,565.666666666667
2020-01-03,429.291666666667
2020-01-04,1072.08333333333
2020-01-05,841.083333333333
2020-01-06,112.875
2020-01-07,153
2020-01-08,799.916666666667
2020-01-09,1703.5
2020-01-10,1984.16666666667
2020-01-11,774.791666666667
2020-01-12,45.0416666666667
2020-01-13,1179.33333333333
2020-01-14,2771.33333333333
2020-01-15,3112.95833333333
2020-01-16,3796.95833333333
2020-01-17,1282.29166666667
2020-01-18,3135.75
2020-01-19,3542.66666666667
2020-01-20,3990.91666666667
2020-01-21,3645.375
2020-01-22,2678.91666666667
2020-01-23,2138.33333333333
2020-01-24,1005.45833333333
2020-01-25,578.083333333333
2020-01-26,885.708333333333
2020-01-27,3319.875
2020-01-28,2439.66666666667
2020-01-29,2167.41666666667
2020-01-30,2292.95833333333
2020-01-31,1845.08333333333
2020-02-01,1599.875
2020-02-02,1085.625
2020-02-03,1209.41666666667
2020-02-04,630.416666666667
2020-02-05,2279.625
2020-02-06,1563.04166666667
2020-02-07,671.375
2020-02-08,671.708333333333
2020-02-09,845.791666666667
2020-02-10,1019
2020-02-11,317.125
2020-02-12,154.75
2020-02-13,582.083333333333
2020-02-14,127.583333333333
2020-02-15,909
2020-02-16,2236.70833333333
2020-02-17,1998.45833333333
2020-02-18,1496.625
2020-02-19,936.333333333333
2020-02-20,525.291666666667
2020-02-21,1006.58333333333
2020-02-22,312.208333333333
2020-02-23,511.25
2020-02-24,542.125
2020-02-25,2149.33333333333
2020-02-26,2154
2020-02-27,1738.33333333333
2020-02-28,911.291666666667
2020-02-29,3436.33333333333
2020-03-01,3799.33333333333
2020-03-02,3639.08333333333
2020-03-03,3421.45833333333
2020-03-04,2284.5
2020-03-05,4034.83333333333
2020-03-06,3774.375
2020-03-07,963.125
2020-03-08,1201.16666666667
2020-03-09,1499.125
2020-03-10,372
2020-03-11,230.291666666667
2020-03-12,565.583333333333
2020-03-13,1227.20833333333
2020-03-14,602.083333333333
2020-03-15,1814.54166666667
2020-03-16,3661.16666666667
2020-03-17,2819.95833333333
2020-03-18,2050.625
2020-03-19,892.916666666667
2020-03-20,758.875
2020-03-21,356.083333333333
2020-03-22,429.791666666667
2020-03-23,1051.83333333333
2020-03-24,1381.16666666667
2020-03-25,861.041666666667
2020-03-26,1903.91666666667
2020-03-27,1642
2020-03-28,747.833333333333
2020-03-29,156.666666666667
2020-03-30,2741.375
2020-03-31,2496.66666666667
2020-04-01,1104.29166666667
2020-04-02,799.458333333333
2020-04-03,375.375
2020-04-04,2977.95833333333
2020-04-05,2919.16666666667
2020-04-06,865.833333333333
2020-04-07,748.583333333333
2020-04-08,428.875
2020-04-09,768.125
2020-04-10,551.458333333333
2020-04-11,212.5
2020-04-12,538.041666666667
2020-04-13,667.666666666667
2020-04-14,1987.29166666667
2020-04-15,2872.375
2020-04-16,3296.33333333333
2020-04-17,2269.25
2020-04-18,318.375
2020-04-19,1296.66666666667
2020-04-20,617.75
2020-04-21,1031.45833333333
2020-04-22,1343.375
2020-04-23,376.333333333333
2020-04-24,390.541666666667
2020-04-25,754.625
2020-04-26,533.041666666667
2020-04-27,699.25
2020-04-28,1302
2020-04-29,2644.95833333333
2020-04-30,2712.125
2020-05-01,2070.70833333333
2020-05-02,445.208333333333
2020-05-03,1421.79166666667
2020-05-04,3018.75
2020-05-05,1067.75
2020-05-06,420.416666666667
2020-05-07,745.083333333333
2020-05-08,674.916666666667
2020-05-09,1184.20833333333
2020-05-10,717.125
2020-05-11,1157.33333333333
2020-05-12,264.875
2020-05-13,937.791666666667
2020-05-14,627.25
2020-05-15,911.541666666667
2020-05-16,1303.875
2020-05-17,822.375
2020-05-18,423.166666666667
2020-05-19,429.583333333333
2020-05-20,568.333333333333
2020-05-21,576.583333333333
2020-05-22,848.875
2020-05-23,1038.41666666667
2020-05-24,993.75
2020-05-25,555
2020-05-26,1745.79166666667
2020-05-27,1266.41666666667
2020-05-28,765.958333333333
2020-05-29,472.875
2020-05-30,487.416666666667
2020-05-31,448.916666666667
2020-06-01,485.333333333333
2020-06-02,424
2020-06-03,824.625
2020-06-04,1293
2020-06-05,603.291666666667
2020-06-06,638.916666666667
2020-06-07,1627.16666666667
2020-06-08,1672.54166666667
2020-06-09,1009.54166666667
2020-06-10,1056.20833333333
2020-06-11,2753.20833333333
2020-06-12,2663.79166666667
2020-06-13,801.125
2020-06-14,529.291666666667
2020-06-15,748.166666666667
2020-06-16,1269.75
2020-06-17,988.375
2020-06-18,1300.75
2020-06-19,1193.54166666667
2020-06-20,1156.5
2020-06-21,1552.58333333333
2020-06-22,1280.29166666667
2020-06-23,800.833333333333
2020-06-24,632.375
2020-06-25,917.25
2020-06-26,1281.20833333333
2020-06-27,1030.16666666667
2020-06-28,1391.83333333333
2020-06-29,866.291666666667
2020-06-30,976.583333333333
2020-07-01,1422.45833333333
2020-07-02,1840.70833333333
2020-07-03,1490.875
2020-07-04,919.5
2020-07-05,879.625
2020-07-06,601
2020-07-07,451.25
2020-07-08,640.5
2020-07-09,903.375
2020-07-10,940.125
2020-07-11,1280.5
2020-07-12,739.458333333333
2020-07-13,806.791666666667
2020-07-14,1447.70833333333
2020-07-15,1992.16666666667
2020-07-16,1192.5
2020-07-17,1170.29166666667
2020-07-18,824.541666666667
2020-07-19,323.125
2020-07-20,350.708333333333
2020-07-21,934.75
2020-07-22,467.791666666667
2020-07-23,817.291666666667
2020-07-24,1476.08333333333
2020-07-25,1481.125
2020-07-26,1007.95833333333
2020-07-27,1094.54166666667
2020-07-28,1152.25
2020-07-29,593
2020-07-30,452.875
2020-07-31,495.25
2020-08-01,1423.08333333333
2020-08-02,1660.79166666667
2020-08-03,1993.29166666667
2020-08-04,1221.25
2020-08-05,566.916666666667
2020-08-06,710.041666666667
2020-08-07,428.25
2020-08-08,492.375
2020-08-09,662.458333333333
2020-08-10,700.583333333333
2020-08-11,586.833333333333
2020-08-12,679.583333333333
2020-08-13,1002.04166666667
2020-08-14,1171.25
2020-08-15,1572.75
2020-08-16,1085.79166666667
2020-08-17,1394.875
2020-08-18,1029.375
2020-08-19,1556.75
2020-08-20,1569.45833333333
2020-08-21,582.708333333333
2020-08-22,960.958333333333
2020-08-23,1341.45833333333
2020-08-24,890.708333333333
2020-08-25,796.083333333333
2020-08-26,783.041666666667
2020-08-27,1674.58333333333
2020-08-28,2716.66666666667
2020-08-29,2810.375
2020-08-30,1249.875
2020-08-31,739.958333333333
2020-09-01,905.083333333333
2020-09-02,983.291666666667
2020-09-03,438.708333333333
2020-09-04,535.583333333333
2020-09-05,542.125
2020-09-06,1086.29166666667
2020-09-07,1750.83333333333
2020-09-08,1870.5
2020-09-09,512.041666666667
2020-09-10,345.041666666667
2020-09-11,398
2020-09-12,644.5
2020-09-13,1439.95833333333
2020-09-14,947.416666666667
2020-09-15,386.25
2020-09-16,597.041666666667
2020-09-17,1218.33333333333
2020-09-18,2237
2020-09-19,1449.375
2020-09-20,1118.25
2020-09-21,432.916666666667
2020-09-22,473.708333333333
2020-09-23,944.041666666667
2020-09-24,1508.79166666667
2020-09-25,2881.5
2020-09-26,2584.70833333333
2020-09-27,1848.625
2020-09-28,325.375
2020-09-29,273.458333333333
2020-09-30,1034.08333333333
2020-10-01,2315.16666666667
2020-10-02,4169.125
2020-10-03,2117.79166666667
2020-10-04,2891.125
2020-10-05,1623.08333333333
2020-10-06,1131.33333333333
2020-10-07,757.583333333333
2020-10-08,319.958333333333
2020-10-09,615.291666666667
2020-10-10,1590.45833333333
2020-10-11,2396.54166666667
2020-10-12,1837.66666666667
2020-10-13,1555.875
2020-10-14,2356.91666666667
2020-10-15,1157
2020-10-16,695.916666666667
2020-10-17,335.916666666667
2020-10-18,1419.20833333333
2020-10-19,3665
2020-10-20,2071.125
2020-10-21,2409.66666666667
2020-10-22,785.625
2020-10-23,521.083333333333
2020-10-24,1985.95833333333
2020-10-25,3696
2020-10-26,1591.95833333333
2020-10-27,1946.25
2020-10-28,627.458333333333
2020-10-29,603.666666666667
2020-10-30,744.583333333333
2020-10-31,726.791666666667
2020-11-01,799.833333333333
2020-11-02,1134.83333333333
2020-11-03,2755.95833333333
2020-11-04,3000.08333333333
2020-11-05,3953.08333333333
2020-11-06,3283.66666666667
2020-11-07,2289.20833333333
2020-11-08,2796.83333333333
2020-11-09,526.125
2020-11-10,267.375
2020-11-11,1378.04166666667
2020-11-12,725.541666666667
2020-11-13,930.333333333333
2020-11-14,1757.75
2020-11-15,2236.33333333333
2020-11-16,257.708333333333
2020-11-17,1518.20833333333
2020-11-18,1047.04166666667
2020-11-19,1280.66666666667
2020-11-20,2164.54166666667
2020-11-21,1688.33333333333
2020-11-22,383.333333333333
2020-11-23,174.416666666667
2020-11-24,918.458333333333
2020-11-25,1173.125
2020-11-26,2760.25
2020-11-27,973.541666666667
2020-11-28,1457.95833333333
2020-11-29,2020.875
2020-11-30,2344.83333333333
2020-12-01,1206.375
2020-12-02,1654.16666666667
2020-12-03,2120.70833333333
2020-12-04,2974.58333333333
2020-12-05,1899.58333333333
2020-12-06,1530.5
2020-12-07,4006
2020-12-08,3024.625
2020-12-09,1132.625
2020-12-10,3311.91666666667
2020-12-11,4357.45833333333
2020-12-12,2100.75
2020-12-13,1634.54166666667
2020-12-14,1913.41666666667
2020-12-15,2253.375
2020-12-16,2264
2020-12-17,450.25
2020-12-18,1760.25
2020-12-19,1240.16666666667
2020-12-20,953.5
2020-12-21,1272.75
2020-12-22,1507.16666666667
2020-12-23,1208.5
2020-12-24,1926.20833333333
2020-12-25,3487.5
2020-12-26,2126.79166666667
2020-12-27,2371.83333333333
2020-12-28,3363.875
2020-12-29,2417.08333333333
2020-12-30,1034.95833333333
2020-12-31,2603.625
2021-01-01,2072.79166666667
2021-01-02,1244.45833333333
2021-01-03,1171.375
2021-01-04,386.416666666667
2021-01-05,262.041666666667
2021-01-06,951.708333333333
2021-01-07,1740.125
2021-01-08,3064.45833333333
2021-01-09,3124.41666666667
2021-01-10,2390.45833333333
2021-01-11,2093.91666666667
2021-01-12,546.75
2021-01-13,444.291666666667
2021-01-14,1736.54166666667
2021-01-15,988
2021-01-16,633.75
2021-01-17,212.541666666667
2021-01-18,370.5
2021-01-19,2564.875
2021-01-20,4334.875
2021-01-21,3982.29166666667
2021-01-22,3674
2021-01-23,4063.41666666667
2021-01-24,2572.83333333333
2021-01-25,3389.875
2021-01-26,1074.66666666667
2021-01-27,504.083333333333
2021-01-28,1179.45833333333
2021-01-29,1341.95833333333
2021-01-30,4251.04166666667
2021-01-31,4032.95833333333
2021-02-01,2491.125
2021-02-02,2928.66666666667
2021-02-03,2875.45833333333
2021-02-04,533.833333333333
2021-02-05,1229.33333333333
2021-02-06,1995.54166666667
2021-02-07,2250.08333333333
2021-02-08,3948.08333333333
2021-02-09,4289.45833333333
2021-02-10,2121.83333333333
2021-02-11,2348.125
2021-02-12,1722.45833333333
2021-02-13,631.958333333333
2021-02-14,1791.04166666667
2021-02-15,3344.79166666667
2021-02-16,2216.45833333333
2021-02-17,1741.54166666667
2021-02-18,2621.45833333333
2021-02-19,3470.95833333333
2021-02-20,3567.83333333333
2021-02-21,2137.5
2021-02-22,781.666666666667
2021-02-23,2651.45833333333
2021-02-24,2968.54166666667
2021-02-25,722.875
2021-02-26,1434.70833333333
2021-02-27,1129.625
2021-02-28,1020.91666666667
2021-03-01,1237.08333333333
2021-03-02,496.791666666667
2021-03-03,968.75
2021-03-04,1808.66666666667
2021-03-05,1512.29166666667
2021-03-06,727.583333333333
2021-03-07,427.75
2021-03-08,997.833333333333
2021-03-09,928.708333333333
2021-03-10,532.125
2021-03-11,1350.625
2021-03-12,1430.41666666667
2021-03-13,1857.66666666667
2021-03-14,1451.95833333333
2021-03-15,1378.875
2021-03-16,2341.91666666667
2021-03-17,3280.45833333333
2021-03-18,2648.25
2021-03-19,2339.45833333333
2021-03-20,2788.20833333333
2021-03-21,1743.08333333333
2021-03-22,850.166666666667
2021-03-23,630.5
2021-03-24,477.833333333333
2021-03-25,377.083333333333
2021-03-26,1179.70833333333
2021-03-27,1156.875
2021-03-28,1453.29166666667
2021-03-29,1586.45833333333
2021-03-30,1494.08333333333
2021-03-31,3007.125
2021-04-01,1669.625
2021-04-02,605.333333333333
2021-04-03,945.666666666667
2021-04-04,1152.16666666667
2021-04-05,479.125
2021-04-06,341.833333333333
2021-04-07,1102.625
2021-04-08,774.083333333333
2021-04-09,518.791666666667
2021-04-10,646.833333333333
2021-04-11,593.375
2021-04-12,1894
2021-04-13,683.5
2021-04-14,594.25
2021-04-15,925.541666666667
2021-04-16,452.291666666667
2021-04-17,772.5
2021-04-18,463.75
2021-04-19,680.083333333333
2021-04-20,1052.75
2021-04-21,562.416666666667
2021-04-22,277.791666666667
2021-04-23,2699.83333333333
2021-04-24,2385.79166666667
2021-04-25,939.583333333333
2021-04-26,337.583333333333
2021-04-27,334.125
2021-04-28,543.666666666667
2021-04-29,1144.375
2021-04-30,1095
2021-05-01,1272.95833333333
2021-05-02,747.083333333333
2021-05-03,903.125
2021-05-04,852.75
2021-05-05,1337.25
2021-05-06,1217
2021-05-07,482.416666666667
2021-05-08,1078.45833333333
2021-05-09,2484.45833333333
2021-05-10,1831.29166666667
2021-05-11,1937.5
2021-05-12,2988
2021-05-13,2766.58333333333
2021-05-14,1230.125
2021-05-15,2420.04166666667
2021-05-16,2463.91666666667
2021-05-17,1207.45833333333
2021-05-18,2093.29166666667
2021-05-19,1396.16666666667
2021-05-20,827.291666666667
2021-05-21,1872.875
2021-05-22,2047.125
2021-05-23,2426.54166666667
2021-05-24,1993.875
2021-05-25,1499.95833333333
2021-05-26,546.875
2021-05-27,478.791666666667
2021-05-28,558.166666666667
2021-05-29,751.75
2021-05-30,462.333333333333
2021-05-31,459.541666666667
2021-06-01,378.833333333333
2021-06-02,651.958333333333
2021-06-03,1543.95833333333
2021-06-04,1405.79166666667
2021-06-05,1137.54166666667
2021-06-06,661.5
2021-06-07,721.833333333333
2021-06-08,903.291666666667
2021-06-09,1149.58333333333
2021-06-10,893
2021-06-11,1266.66666666667
2021-06-12,1504.125
2021-06-13,1176.70833333333
2021-06-14,453.041666666667
2021-06-15,992.5
2021-06-16,760.958333333333
2021-06-17,573.625
2021-06-18,555.583333333333
2021-06-19,786.833333333333
2021-06-20,2698.95833333333
2021-06-21,1436.95833333333
2021-06-22,1698.45833333333
2021-06-23,1189.375
2021-06-24,956.541666666667
2021-06-25,663.666666666667
2021-06-26,793.75
2021-06-27,1848.70833333333
2021-06-28,1952.66666666667
2021-06-29,1136.5
2021-06-30,710.666666666667
2021-07-01,500.458333333333
2021-07-02,740.083333333333
2021-07-03,878.5
2021-07-04,1366.83333333333
2021-07-05,1451.375
2021-07-06,1378.625
2021-07-07,1580.16666666667
2021-07-08,1120.54166666667
2021-07-09,778.916666666667
2021-07-10,757.458333333333
2021-07-11,1404.66666666667
2021-07-12,2754.875
2021-07-13,1771.16666666667
2021-07-14,1191.75
2021-07-15,1274.95833333333
2021-07-16,860.583333333333
2021-07-17,1120.66666666667
2021-07-18,1235
2021-07-19,1128.33333333333
2021-07-20,942.833333333333
2021-07-21,637.208333333333
2021-07-22,502.541666666667
2021-07-23,1355.25
2021-07-24,1530.125
2021-07-25,1092.91666666667
2021-07-26,1069.91666666667
2021-07-27,1274.45833333333
2021-07-28,1279.16666666667
2021-07-29,1006
2021-07-30,1966.95833333333
2021-07-31,2858.66666666667
2021-08-01,1212.08333333333
2021-08-02,537.791666666667
2021-08-03,1036.75
2021-08-04,1646.375
2021-08-05,1603.20833333333
2021-08-06,1592.16666666667
2021-08-07,1795.91666666667
2021-08-08,1125.33333333333
2021-08-09,654.625
2021-08-10,673.791666666667
2021-08-11,746.583333333333
2021-08-12,665.166666666667
2021-08-13,547.541666666667
2021-08-14,362.333333333333
2021-08-15,1137.5
2021-08-16,2051.45833333333
2021-08-17,1695.70833333333
2021-08-18,1130.91666666667
2021-08-19,873.75
2021-08-20,874.75
2021-08-21,907.291666666667
2021-08-22,734.208333333333
2021-08-23,1203.08333333333
2021-08-24,1128.08333333333
2021-08-25,534.833333333333
2021-08-26,409.416666666667
2021-08-27,396.791666666667
2021-08-28,528.958333333333
2021-08-29,542.666666666667
2021-08-30,448.208333333333
2021-08-31,429.708333333333
2021-09-01,643.583333333333
2021-09-02,354.333333333333
2021-09-03,485.791666666667
2021-09-04,236.75
2021-09-05,1127.29166666667
2021-09-06,2034.25
2021-09-07,1673.66666666667
2021-09-08,1096.91666666667
2021-09-09,1024.75
2021-09-10,412.291666666667
2021-09-11,127.916666666667
2021-09-12,904.375
2021-09-13,1442.125
2021-09-14,527.791666666667
2021-09-15,204.583333333333
2021-09-16,555.875
2021-09-17,984.791666666667
2021-09-18,1808.95833333333
2021-09-19,1223.91666666667
2021-09-20,1883
2021-09-21,3078.54166666667
2021-09-22,2120.08333333333
2021-09-23,2228.5
2021-09-24,1266.625
2021-09-25,1258.54166666667
2021-09-26,467.833333333333
2021-09-27,717.916666666667
2021-09-28,1201.625
2021-09-29,1544.5
2021-09-30,695.875
2021-10-01,654.208333333333
2021-10-02,1488.70833333333
2021-10-03,2809.25
2021-10-04,1097.41666666667
2021-10-05,1476.5
2021-10-06,723.125
2021-10-07,579.666666666667
2021-10-08,661.166666666667
2021-10-09,545.625
2021-10-10,1820.75
2021-10-11,1657
2021-10-12,1041.45833333333
2021-10-13,1322.16666666667
2021-10-14,426.625
2021-10-15,459.958333333333
2021-10-16,571.458333333333
2021-10-17,670.208333333333
2021-10-18,330.958333333333
2021-10-19,1255.5
2021-10-20,1614.95833333333
2021-10-21,1854.70833333333
2021-10-22,1908.54166666667
2021-10-23,697.125
2021-10-24,267.25
2021-10-25,542.208333333333
2021-10-26,765.291666666667
2021-10-27,341.75
2021-10-28,1534.45833333333
2021-10-29,2833.375
2021-10-30,2008.04166666667
2021-10-31,3787.875
2021-11-01,2056.91666666667
2021-11-02,2551.125
2021-11-03,1832.125
2021-11-04,1649.95833333333
2021-11-05,1574.91666666667
2021-11-06,2084.04166666667
2021-11-07,1544.66666666667
2021-11-08,1336.25
2021-11-09,1344.66666666667
2021-11-10,466.875
2021-11-11,306.791666666667
2021-11-12,578.291666666667
2021-11-13,673.541666666667
2021-11-14,1016.54166666667
2021-11-15,1440.58333333333
2021-11-16,1931
2021-11-17,2805.75
2021-11-18,3075
2021-11-19,2996.5
2021-11-20,1861.54166666667
2021-11-21,325.125
2021-11-22,1881.91666666667
2021-11-23,1834.41666666667
2021-11-24,1814.375
2021-11-25,1692.16666666667
2021-11-26,1968.45833333333
2021-11-27,3749.91666666667
2021-11-28,3006.04166666667
2021-11-29,2606.25
2021-11-30,128.833333333333
2021-12-01,2270.08333333333
2021-12-02,3222.66666666667
2021-12-03,1520.16666666667
2021-12-04,2817.20833333333
2021-12-05,3641.625
2021-12-06,1972.79166666667
2021-12-07,3342.5
2021-12-08,4198.875
2021-12-09,3732.41666666667
2021-12-10,3551.08333333333
2021-12-11,1615.41666666667
2021-12-12,708.458333333333
2021-12-13,1598.25
2021-12-14,1680.54166666667
2021-12-15,2027.08333333333
2021-12-16,2318.125
2021-12-17,1785.45833333333
2021-12-18,1610.125
2021-12-19,3393.83333333333
2021-12-20,3158.16666666667
2021-12-21,3141.16666666667
2021-12-22,2609.125
2021-12-23,2078.33333333333
2021-12-24,2854.5
2021-12-25,1991.33333333333
2021-12-26,2961.375
2021-12-27,3622.54166666667
2021-12-28,2401.20833333333
2021-12-29,798.166666666667
2021-12-30,2090.16666666667
2021-12-31,2626.375
2022-01-01,2462.66666666667
2022-01-02,555.291666666667
2022-01-03,1479.5
2022-01-04,3703.875
2022-01-05,2961.45833333333
2022-01-06,1454
2022-01-07,1875.79166666667
2022-01-08,1368.70833333333
2022-01-09,2754
2022-01-10,1381.33333333333
2022-01-11,1585.45833333333
2022-01-12,2903.83333333333
2022-01-13,2501.45833333333
2022-01-14,1599.29166666667
2022-01-15,850.25
2022-01-16,718
2022-01-17,592.458333333333
2022-01-18,595.291666666667
2022-01-19,764.291666666667
2022-01-20,1603.95833333333
2022-01-21,2865.58333333333
2022-01-22,2657.70833333333
2022-01-23,1392.45833333333
2022-01-24,668.791666666667
2022-01-25,1050.45833333333
2022-01-26,1575.79166666667
2022-01-27,2109.08333333333
2022-01-28,2926.875
2022-01-29,2535.66666666667
2022-01-30,1037.41666666667
2022-01-31,915.041666666667
2022-02-01,2948.58333333333
2022-02-02,1693.5
2022-02-03,383.375
2022-02-04,905
2022-02-05,1549.41666666667
2022-02-06,1423.41666666667
2022-02-07,1601.875
2022-02-08,1859.54166666667
2022-02-09,726.625
2022-02-10,556.833333333333
2022-02-11,254.375
2022-02-12,240.708333333333
2022-02-13,2212.45833333333
2022-02-14,2301.54166666667
2022-02-15,1253.41666666667
2022-02-16,2037.20833333333
2022-02-17,855.166666666667
2022-02-18,1452.375
2022-02-19,2933.41666666667
2022-02-20,1055.5
2022-02-21,1407.33333333333
2022-02-22,1539.25
2022-02-23,1145.875
2022-02-24,642.5
2022-02-25,2535
2022-02-26,1191.875
2022-02-27,257.541666666667
2022-02-28,253.375
2022-03-01,1182.79166666667
2022-03-02,1345.58333333333
2022-03-03,3379.08333333333
2022-03-04,2304.25
2022-03-05,563.583333333333
2022-03-06,1657.04166666667
2022-03-07,861.75
2022-03-08,1606.16666666667
2022-03-09,2307.66666666667
2022-03-10,2670.16666666667
2022-03-11,2568.79166666667
2022-03-12,2277.45833333333
2022-03-13,1402.25
2022-03-14,2312.45833333333
2022-03-15,1586.79166666667
2022-03-16,1681.83333333333
2022-03-17,3057.45833333333
2022-03-18,2220.95833333333
2022-03-19,2231.33333333333
2022-03-20,2790.75
2022-03-21,1756
2022-03-22,1227.41666666667
2022-03-23,2933.66666666667
2022-03-24,3242.33333333333
2022-03-25,2200.66666666667
2022-03-26,1250.70833333333
2022-03-27,1877.16666666667
2022-03-28,1846.20833333333
2022-03-29,885.833333333333
2022-03-30,2335.79166666667
2022-03-31,2692.625
2022-04-01,1711.58333333333
2022-04-02,1532.75
2022-04-03,2272.83333333333
2022-04-04,3489.58333333333
2022-04-05,1992.25
2022-04-06,1142.25
2022-04-07,2067.25
2022-04-08,2757.375
2022-04-09,645.25
2022-04-10,2694.41666666667
2022-04-11,2931.70833333333
2022-04-12,1460.625
2022-04-13,983.916666666667
2022-04-14,743.208333333333
2022-04-15,368.75
2022-04-16,337.541666666667
2022-04-17,911.083333333333
2022-04-18,2033.66666666667
2022-04-19,3841.41666666667
2022-04-20,3848.625
2022-04-21,1617.04166666667
2022-04-22,1581.5
2022-04-23,1999.54166666667
2022-04-24,348.75
2022-04-25,404.666666666667
2022-04-26,537.375
2022-04-27,786.791666666667
2022-04-28,1252.875
2022-04-29,886.541666666667
2022-04-30,724.291666666667
2022-05-01,1734.625
2022-05-02,1996.95833333333
2022-05-03,2397.58333333333
2022-05-04,1324.95833333333
2022-05-05,474.791666666667
2022-05-06,466.541666666667
2022-05-07,907.458333333333
2022-05-08,427.5
2022-05-09,467.75
2022-05-10,525.708333333333
2022-05-11,558.833333333333
2022-05-12,460.166666666667
2022-05-13,212.916666666667
2022-05-14,836.541666666667
2022-05-15,2190
2022-05-16,2015.95833333333
2022-05-17,1235.5
2022-05-18,548.875
2022-05-19,484.875
2022-05-20,749.791666666667
2022-05-21,2119.5
2022-05-22,1065.04166666667
2022-05-23,1421.875
2022-05-24,2649
2022-05-25,1402.875
2022-05-26,1826.25
2022-05-27,1530.54166666667
2022-05-28,1012.5
2022-05-29,520.541666666667
2022-05-30,470.375
2022-05-31,1227.75
2022-06-01,1537.33333333333
2022-06-02,990.25
2022-06-03,856.166666666667
2022-06-04,412.125
2022-06-05,575.958333333333
2022-06-06,905.708333333333
2022-06-07,1241.79166666667
2022-06-08,1952.08333333333
2022-06-09,1061
2022-06-10,1219.625
2022-06-11,802.208333333333
2022-06-12,625.625
2022-06-13,645
2022-06-14,507.208333333333
2022-06-15,1024.91666666667
2022-06-16,931.208333333333
2022-06-17,1335.20833333333
2022-06-18,775.75
2022-06-19,975.208333333333
2022-06-20,1231.625
2022-06-21,547.416666666667
2022-06-22,636.958333333333
2022-06-23,512.791666666667
2022-06-24,967.458333333333
2022-06-25,1543.45833333333
2022-06-26,1910.83333333333
2022-06-27,1843.33333333333
2022-06-28,1321.04166666667
2022-06-29,2171.70833333333
2022-06-30,2277.79166666667
2022-07-01,1124.45833333333
2022-07-02,566.75
2022-07-03,428.541666666667
2022-07-04,317.833333333333
2022-07-05,846.333333333333
2022-07-06,1249.875
2022-07-07,1779.58333333333
2022-07-08,1373.70833333333
2022-07-09,927.583333333333
2022-07-10,842.166666666667
2022-07-11,733.916666666667
2022-07-12,1392.41666666667
2022-07-13,783
2022-07-14,1185.08333333333
2022-07-15,1076.91666666667
2022-07-16,446.208333333333
2022-07-17,825.416666666667
2022-07-18,1170.5
2022-07-19,1295.25
2022-07-20,782.5
2022-07-21,762.458333333333
2022-07-22,686.041666666667
2022-07-23,559
2022-07-24,701.416666666667
2022-07-25,1548.33333333333
2022-07-26,1673.16666666667
2022-07-27,1606.91666666667
2022-07-28,1848
2022-07-29,1415.58333333333
2022-07-30,1239.70833333333
2022-07-31,835.541666666667
2022-08-01,610.333333333333
2022-08-02,538.791666666667
2022-08-03,592.625
2022-08-04,669.125
2022-08-05,587.083333333333
2022-08-06,607.291666666667
2022-08-07,358.25
2022-08-08,313.541666666667
2022-08-09,490.375
2022-08-10,900.333333333333
2022-08-11,724.208333333333
2022-08-12,408.125
2022-08-13,809.791666666667
2022-08-14,1622.25
2022-08-15,1782.75
2022-08-16,2341.41666666667
2022-08-17,2419.16666666667
2022-08-18,1359.625
2022-08-19,1224.66666666667
2022-08-20,838.416666666667
2022-08-21,1895.79166666667
2022-08-22,1495.08333333333
2022-08-23,984.166666666667
2022-08-24,691.291666666667
2022-08-25,1045.58333333333
2022-08-26,1287.75
2022-08-27,665.833333333333
2022-08-28,442.375
2022-08-29,620.541666666667
2022-08-30,583.416666666667
2022-08-31,1083.54166666667
2022-09-01,1083.375
2022-09-02,1164.45833333333
2022-09-03,1209.91666666667
2022-09-04,1089.5
2022-09-05,1262.25
2022-09-06,1277.45833333333
2022-09-07,779.75
2022-09-08,920.958333333333
2022-09-09,410.166666666667
2022-09-10,345.75
2022-09-11,824.208333333333
2022-09-12,2781.875
2022-09-13,3637.04166666667
2022-09-14,1853.16666666667
2022-09-15,368.083333333333
2022-09-16,193.333333333333
2022-09-17,814.791666666667
2022-09-18,967.125
2022-09-19,777.75
2022-09-20,216.625
2022-09-21,426.333333333333
2022-09-22,410.25
2022-09-23,842.416666666667
2022-09-24,2098.41666666667
2022-09-25,2295.125
2022-09-26,1659.25
2022-09-27,1706.29166666667
2022-09-28,2594.58333333333
2022-09-29,3054.75
2022-09-30,1279.625
2022-10-01,220.291666666667
2022-10-02,809.75
2022-10-03,430.875
2022-10-04,274.75
2022-10-05,456.125
2022-10-06,812.708333333333
2022-10-07,484.625
2022-10-08,368.208333333333
2022-10-09,649.041666666667
2022-10-10,246.583333333333
2022-10-11,345.666666666667
2022-10-12,410.041666666667
2022-10-13,472.75
2022-10-14,456.333333333333
2022-10-15,553.625
2022-10-16,1705.625
2022-10-17,1711.79166666667
2022-10-18,3211.875
2022-10-19,3441.79166666667
2022-10-20,3358.375
2022-10-21,2790
2022-10-22,3846.375
2022-10-23,3598.04166666667
2022-10-24,1778.95833333333
2022-10-25,3113
2022-10-26,2993.875
2022-10-27,3492.58333333333
2022-10-28,3170.45833333333
2022-10-29,1972.125
2022-10-30,558.583333333333
2022-10-31,2031.08333333333
2022-11-01,412.666666666667
2022-11-02,587.458333333333
2022-11-03,1605.5
2022-11-04,763.833333333333
2022-11-05,171.875
2022-11-06,838.041666666667
2022-11-07,1570
2022-11-08,2644.375
2022-11-09,669.125
2022-11-10,292.125
2022-11-11,2084.79166666667
2022-11-12,1226.375
2022-11-13,1722.58333333333
2022-11-14,1384.875
2022-11-15,3404.625
2022-11-16,3383.20833333333
2022-11-17,3408
2022-11-18,2804.66666666667
2022-11-19,1857.375
2022-11-20,1952.625
2022-11-21,4190.45833333333
2022-11-22,3781.5
2022-11-23,2796.91666666667
2022-11-24,2310.5
2022-11-25,1150.29166666667
2022-11-26,1082.04166666667
2022-11-27,1726.16666666667
2022-11-28,2051.375
2022-11-29,511.333333333333
2022-11-30,995.833333333333
2022-12-01,2052.16666666667
2022-12-02,1777.45833333333
2022-12-03,504.708333333333
2022-12-04,634.208333333333
2022-12-05,2213.70833333333
2022-12-06,105.625
2022-12-07,2022.70833333333
2022-12-08,2193.91666666667
2022-12-09,1176.08333333333
2022-12-10,874
2022-12-11,2371.29166666667
2022-12-12,3917
2022-12-13,2790.29166666667
2022-12-14,2282.04166666667
2022-12-15,1663.04166666667
2022-12-16,2049
2022-12-17,573.25
2022-12-18,3203.20833333333
2022-12-19,4204.125
2022-12-20,3403.91666666667
2022-12-21,2600.29166666667
2022-12-22,1966.16666666667
2022-12-23,2469.66666666667
2022-12-24,3315.33333333333
2022-12-25,2895.5
2022-12-26,589.333333333333
2022-12-27,598.666666666667
2022-12-28,2086.54166666667
2022-12-29,2956.20833333333
2022-12-30,3926.91666666667
2022-12-31,3839
2023-01-01,3274.45833333333
2023-01-02,552.75
2023-01-03,407.791666666667
2023-01-04,351.416666666667
2023-01-05,477.958333333333
2023-01-06,830.083333333333
2023-01-07,3724.16666666667
2023-01-08,4073.20833333333
2023-01-09,1273.25
2023-01-10,1179.375
2023-01-11,1594.875
2023-01-12,529.416666666667
2023-01-13,500
2023-01-14,1341.95833333333
2023-01-15,2678
2023-01-16,4413.125
2023-01-17,4452.41666666667
2023-01-18,2708.70833333333
2023-01-19,2488.625
2023-01-20,2578.33333333333
2023-01-21,2022.16666666667
2023-01-22,1751.125
2023-01-23,1719.66666666667
2023-01-24,2000.75
2023-01-25,1532.45833333333
2023-01-26,1838.08333333333
2023-01-27,2208.66666666667
2023-01-28,1995.83333333333
2023-01-29,2357.875
2023-01-30,1530.04166666667
2023-01-31,656.541666666667
2023-02-01,1469.33333333333
2023-02-02,1346.04166666667
2023-02-03,623.291666666667
2023-02-04,811.75
2023-02-05,2342.70833333333
2023-02-06,2649.75
2023-02-07,2217.79166666667
2023-02-08,3269.08333333333
2023-02-09,2495.75
2023-02-10,3221.25
2023-02-11,3450.20833333333
2023-02-12,2595.54166666667
2023-02-13,2497.54166666667
2023-02-14,3014.41666666667
2023-02-15,1688.54166666667
2023-02-16,1100.625
2023-02-17,2691.58333333333
2023-02-18,1845
2023-02-19,1032.5
2023-02-20,978.666666666667
2023-02-21,407.333333333333
2023-02-22,952.375
2023-02-23,2311.04166666667
2023-02-24,328.833333333333
2023-02-25,358
2023-02-26,507.833333333333
2023-02-27,1183.75
2023-02-28,1570.625
2023-03-01,891.166666666667
2023-03-02,185.458333333333
2023-03-03,162.291666666667
2023-03-04,880.666666666667
2023-03-05,1252.625
2023-03-06,1425.20833333333
2023-03-07,2457
2023-03-08,3648.20833333333
2023-03-09,3711.70833333333
2023-03-10,1972
2023-03-11,2427.70833333333
2023-03-12,600.5
2023-03-13,3181.5
2023-03-14,1091.83333333333
2023-03-15,587.791666666667
2023-03-16,2070.83333333333
2023-03-17,2865.08333333333
2023-03-18,1549.08333333333
2023-03-19,491.083333333333
2023-03-20,635.541666666667
2023-03-21,688.791666666667
2023-03-22,693.625
2023-03-23,1490.16666666667
2023-03-24,1581.375
2023-03-25,1221.83333333333
2023-03-26,1610.04166666667
2023-03-27,507.416666666667
2023-03-28,616.833333333333
2023-03-29,2316.875
2023-03-30,2448.45833333333
2023-03-31,2724.29166666667
2023-04-01,1550.625
2023-04-02,1010.79166666667
2023-04-03,422.583333333333
2023-04-04,1951.41666666667
2023-04-05,1407.375
2023-04-06,712.166666666667
2023-04-07,473.333333333333
2023-04-08,350.541666666667
2023-04-09,502.916666666667
2023-04-10,1443
2023-04-11,1481.125
2023-04-12,2710.29166666667
2023-04-13,2146.20833333333
2023-04-14,2777.58333333333
2023-04-15,1759.54166666667
2023-04-16,1574.45833333333
2023-04-17,1275.54166666667
2023-04-18,1051.5
2023-04-19,504.083333333333
2023-04-20,634.916666666667
2023-04-21,1335.33333333333
2023-04-22,1154.91666666667
2023-04-23,1806.83333333333
2023-04-24,660.375
2023-04-25,615.25
2023-04-26,295.458333333333
2023-04-27,243.583333333333
2023-04-28,717.875
2023-04-29,1683
2023-04-30,1228.5
2023-05-01,601.791666666667
2023-05-02,609.875
2023-05-03,2183.54166666667
2023-05-04,1573.875
2023-05-05,693.291666666667
2023-05-06,983.708333333333
2023-05-07,1129.54166666667
2023-05-08,1243.66666666667
2023-05-09,2520.08333333333
2023-05-10,2376.95833333333
2023-05-11,2827.54166666667
2023-05-12,2762.29166666667
2023-05-13,1658.625
2023-05-14,1212.79166666667
2023-05-15,1282.25
2023-05-16,1442.125
2023-05-17,2681.54166666667
2023-05-18,2654.91666666667
2023-05-19,2467.45833333333
2023-05-20,1974.04166666667
2023-05-21,1261.375
2023-05-22,845.708333333333
2023-05-23,1743.79166666667
2023-05-24,1156.125
2023-05-25,1164.70833333333
2023-05-26,2888.08333333333
2023-05-27,997.458333333333
2023-05-28,852.416666666667
2023-05-29,662.75
2023-05-30,399.916666666667
2023-05-31,302.125
2023-06-01,498.958333333333
2023-06-02,473.916666666667
2023-06-03,379.291666666667
2023-06-04,441.041666666667
2023-06-05,292.166666666667
2023-06-06,920.125
2023-06-07,1736.04166666667
2023-06-08,2793.66666666667
2023-06-09,2038.66666666667
2023-06-10,443.541666666667
2023-06-11,344.625
2023-06-12,487.958333333333
2023-06-13,1403.375
2023-06-14,781.75
2023-06-15,407.75
2023-06-16,578.666666666667
2023-06-17,890.625
2023-06-18,768.541666666667
2023-06-19,420.125
2023-06-20,457.583333333333
2023-06-21,430.583333333333
2023-06-22,505.083333333333
2023-06-23,544.25
2023-06-24,763.75
2023-06-25,836.625
2023-06-26,1023.625
2023-06-27,1009.08333333333
2023-06-28,1031.16666666667
2023-06-29,2468.16666666667
2023-06-30,2150.29166666667
2023-07-01,1178.16666666667
2023-07-02,835.833333333333
2023-07-03,1155.16666666667
2023-07-04,1640.83333333333
2023-07-05,1169.04166666667
2023-07-06,1032.16666666667
2023-07-07,1140.5
2023-07-08,1000.70833333333
2023-07-09,880.5
2023-07-10,774.916666666667
2023-07-11,1328.20833333333
2023-07-12,1434.75
2023-07-13,944.958333333333
2023-07-14,1369.91666666667
2023-07-15,1775.25
2023-07-16,1319.125
2023-07-17,939.333333333333
2023-07-18,634.125
2023-07-19,748.541666666667
2023-07-20,1832.83333333333
2023-07-21,1349.83333333333
2023-07-22,1157.83333333333
2023-07-23,1371.125
2023-07-24,1940.375
2023-07-25,1500.66666666667
2023-07-26,1175.08333333333
2023-07-27,1233.375
2023-07-28,1145.75
2023-07-29,1063.16666666667
2023-07-30,1272.875
2023-07-31,1974.125
2023-08-01,2193.04166666667
2023-08-02,2495.625
2023-08-03,2804.58333333333
2023-08-04,2201.625
2023-08-05,916.708333333333
2023-08-06,925.125
2023-08-07,1080.625
2023-08-08,773.541666666667
2023-08-09,949.083333333333
2023-08-10,748.458333333333
2023-08-11,1191.29166666667
2023-08-12,1665.08333333333
2023-08-13,1350.79166666667
2023-08-14,1236.75
2023-08-15,1160.41666666667
2023-08-16,1112.79166666667
2023-08-17,1011.66666666667
2023-08-18,1119.5
2023-08-19,670.833333333333
2023-08-20,493.458333333333
2023-08-21,560.041666666667
2023-08-22,634.083333333333
2023-08-23,681.875
2023-08-24,649.708333333333
2023-08-25,1118.5
2023-08-26,2362.79166666667
2023-08-27,2701.58333333333
2023-08-28,1922.875
2023-08-29,2305.54166666667
2023-08-30,1573.04166666667
2023-08-31,930.083333333333
2023-09-01,978.583333333333
2023-09-02,1207.29166666667
2023-09-03,2417.20833333333
2023-09-04,3282.83333333333
2023-09-05,2211.66666666667
2023-09-06,921.75
2023-09-07,792.833333333333
2023-09-08,696.708333333333
2023-09-09,760.818181818182
