"date","smoothed_capacity"
2015-01-01,4486
2015-01-02,4486
2015-01-03,4486
2015-01-04,4486
2015-01-05,4486
2015-01-06,4486
2015-01-07,4486
2015-01-08,4486
2015-01-09,4486
2015-01-10,4486
2015-01-11,4486
2015-01-12,4486
2015-01-13,4486
2015-01-14,4486
2015-01-15,4486
2015-01-16,4486
2015-01-17,4486
2015-01-18,4486
2015-01-19,4486
2015-01-20,4486
2015-01-21,4486
2015-01-22,4486
2015-01-23,4486
2015-01-24,4486
2015-01-25,4486
2015-01-26,4486
2015-01-27,4486
2015-01-28,4486
2015-01-29,4486
2015-01-30,4486
2015-01-31,4486
2015-02-01,4486
2015-02-02,4486
2015-02-03,4486
2015-02-04,4486
2015-02-05,4486
2015-02-06,4486
2015-02-07,4486
2015-02-08,4486
2015-02-09,4486
2015-02-10,4486
2015-02-11,4486
2015-02-12,4486
2015-02-13,4486
2015-02-14,4486
2015-02-15,4486
2015-02-16,4486
2015-02-17,4486
2015-02-18,4486
2015-02-19,4486
2015-02-20,4486
2015-02-21,4486
2015-02-22,4486
2015-02-23,4486
2015-02-24,4486
2015-02-25,4486
2015-02-26,4486
2015-02-27,4486
2015-02-28,4486
2015-03-01,4486
2015-03-02,4486
2015-03-03,4486
2015-03-04,4486
2015-03-05,4486
2015-03-06,4486
2015-03-07,4486
2015-03-08,4486
2015-03-09,4486
2015-03-10,4486
2015-03-11,4486
2015-03-12,4486
2015-03-13,4486
2015-03-14,4486
2015-03-15,4486
2015-03-16,4486
2015-03-17,4486
2015-03-18,4486
2015-03-19,4486
2015-03-20,4486
2015-03-21,4486
2015-03-22,4486
2015-03-23,4486
2015-03-24,4486
2015-03-25,4486
2015-03-26,4486
2015-03-27,4486
2015-03-28,4486
2015-03-29,4486
2015-03-30,4486
2015-03-31,4486
2015-04-01,4486
2015-04-02,4486
2015-04-03,4486
2015-04-04,4486
2015-04-05,4486
2015-04-06,4486
2015-04-07,4486
2015-04-08,4486
2015-04-09,4486
2015-04-10,4486
2015-04-11,4486
2015-04-12,4486
2015-04-13,4486
2015-04-14,4486
2015-04-15,4486
2015-04-16,4486
2015-04-17,4486
2015-04-18,4486
2015-04-19,4486
2015-04-20,4486
2015-04-21,4486
2015-04-22,4486
2015-04-23,4486
2015-04-24,4486
2015-04-25,4486
2015-04-26,4486
2015-04-27,4486
2015-04-28,4486
2015-04-29,4486
2015-04-30,4486
2015-05-01,4486
2015-05-02,4486
2015-05-03,4486
2015-05-04,4486
2015-05-05,4486
2015-05-06,4486
2015-05-07,4486
2015-05-08,4486
2015-05-09,4486
2015-05-10,4486
2015-05-11,4486
2015-05-12,4486
2015-05-13,4486
2015-05-14,4486
2015-05-15,4486
2015-05-16,4486
2015-05-17,4486
2015-05-18,4486
2015-05-19,4486
2015-05-20,4486
2015-05-21,4486
2015-05-22,4486
2015-05-23,4486
2015-05-24,4486
2015-05-25,4486
2015-05-26,4486
2015-05-27,4486
2015-05-28,4486
2015-05-29,4486
2015-05-30,4486
2015-05-31,4486
2015-06-01,4486
2015-06-02,4486
2015-06-03,4486
2015-06-04,4486
2015-06-05,4486
2015-06-06,4486
2015-06-07,4486
2015-06-08,4486
2015-06-09,4486
2015-06-10,4486
2015-06-11,4486
2015-06-12,4486
2015-06-13,4486
2015-06-14,4486
2015-06-15,4486
2015-06-16,4486
2015-06-17,4486
2015-06-18,4486
2015-06-19,4486
2015-06-20,4486
2015-06-21,4486
2015-06-22,4486
2015-06-23,4486
2015-06-24,4486
2015-06-25,4486
2015-06-26,4486
2015-06-27,4486
2015-06-28,4486
2015-06-29,4486
2015-06-30,4486
2015-07-01,4486
2015-07-02,4486
2015-07-03,4486.35890410959
2015-07-04,4486.71780821918
2015-07-05,4487.07671232877
2015-07-06,4487.43561643836
2015-07-07,4487.79452054795
2015-07-08,4488.15342465753
2015-07-09,4488.51232876712
2015-07-10,4488.87123287671
2015-07-11,4489.2301369863
2015-07-12,4489.58904109589
2015-07-13,4489.94794520548
2015-07-14,4490.30684931507
2015-07-15,4490.66575342466
2015-07-16,4491.02465753425
2015-07-17,4491.38356164384
2015-07-18,4491.74246575342
2015-07-19,4492.10136986301
2015-07-20,4492.4602739726
2015-07-21,4492.81917808219
2015-07-22,4493.17808219178
2015-07-23,4493.53698630137
2015-07-24,4493.89589041096
2015-07-25,4494.25479452055
2015-07-26,4494.61369863014
2015-07-27,4494.97260273973
2015-07-28,4495.33150684931
2015-07-29,4495.6904109589
2015-07-30,4496.04931506849
2015-07-31,4496.40821917808
2015-08-01,4496.76712328767
2015-08-02,4497.12602739726
2015-08-03,4497.48493150685
2015-08-04,4497.84383561644
2015-08-05,4498.20273972603
2015-08-06,4498.56164383562
2015-08-07,4498.92054794521
2015-08-08,4499.27945205479
2015-08-09,4499.63835616438
2015-08-10,4499.99726027397
2015-08-11,4500.35616438356
2015-08-12,4500.71506849315
2015-08-13,4501.07397260274
2015-08-14,4501.43287671233
2015-08-15,4501.79178082192
2015-08-16,4502.15068493151
2015-08-17,4502.5095890411
2015-08-18,4502.86849315069
2015-08-19,4503.22739726027
2015-08-20,4503.58630136986
2015-08-21,4503.94520547945
2015-08-22,4504.30410958904
2015-08-23,4504.66301369863
2015-08-24,4505.02191780822
2015-08-25,4505.38082191781
2015-08-26,4505.7397260274
2015-08-27,4506.09863013699
2015-08-28,4506.45753424658
2015-08-29,4506.81643835616
2015-08-30,4507.17534246575
2015-08-31,4507.53424657534
2015-09-01,4507.89315068493
2015-09-02,4508.25205479452
2015-09-03,4508.61095890411
2015-09-04,4508.9698630137
2015-09-05,4509.32876712329
2015-09-06,4509.68767123288
2015-09-07,4510.04657534247
2015-09-08,4510.40547945205
2015-09-09,4510.76438356164
2015-09-10,4511.12328767123
2015-09-11,4511.48219178082
2015-09-12,4511.84109589041
2015-09-13,4512.2
2015-09-14,4512.55890410959
2015-09-15,4512.91780821918
2015-09-16,4513.27671232877
2015-09-17,4513.63561643836
2015-09-18,4513.99452054795
2015-09-19,4514.35342465753
2015-09-20,4514.71232876712
2015-09-21,4515.07123287671
2015-09-22,4515.4301369863
2015-09-23,4515.78904109589
2015-09-24,4516.14794520548
2015-09-25,4516.50684931507
2015-09-26,4516.86575342466
2015-09-27,4517.22465753425
2015-09-28,4517.58356164384
2015-09-29,4517.94246575342
2015-09-30,4518.30136986301
2015-10-01,4518.6602739726
2015-10-02,4519.01917808219
2015-10-03,4519.37808219178
2015-10-04,4519.73698630137
2015-10-05,4520.09589041096
2015-10-06,4520.45479452055
2015-10-07,4520.81369863014
2015-10-08,4521.17260273973
2015-10-09,4521.53150684932
2015-10-10,4521.8904109589
2015-10-11,4522.24931506849
2015-10-12,4522.60821917808
2015-10-13,4522.96712328767
2015-10-14,4523.32602739726
2015-10-15,4523.68493150685
2015-10-16,4524.04383561644
2015-10-17,4524.40273972603
2015-10-18,4524.76164383562
2015-10-19,4525.12054794521
2015-10-20,4525.47945205479
2015-10-21,4525.83835616438
2015-10-22,4526.19726027397
2015-10-23,4526.55616438356
2015-10-24,4526.91506849315
2015-10-25,4527.27397260274
2015-10-26,4527.63287671233
2015-10-27,4527.99178082192
2015-10-28,4528.35068493151
2015-10-29,4528.7095890411
2015-10-30,4529.06849315068
2015-10-31,4529.42739726027
2015-11-01,4529.78630136986
2015-11-02,4530.14520547945
2015-11-03,4530.50410958904
2015-11-04,4530.86301369863
2015-11-05,4531.22191780822
2015-11-06,4531.58082191781
2015-11-07,4531.9397260274
2015-11-08,4532.29863013699
2015-11-09,4532.65753424658
2015-11-10,4533.01643835616
2015-11-11,4533.37534246575
2015-11-12,4533.73424657534
2015-11-13,4534.09315068493
2015-11-14,4534.45205479452
2015-11-15,4534.81095890411
2015-11-16,4535.1698630137
2015-11-17,4535.52876712329
2015-11-18,4535.88767123288
2015-11-19,4536.24657534247
2015-11-20,4536.60547945206
2015-11-21,4536.96438356164
2015-11-22,4537.32328767123
2015-11-23,4537.68219178082
2015-11-24,4538.04109589041
2015-11-25,4538.4
2015-11-26,4538.75890410959
2015-11-27,4539.11780821918
2015-11-28,4539.47671232877
2015-11-29,4539.83561643836
2015-11-30,4540.19452054795
2015-12-01,4540.55342465753
2015-12-02,4540.91232876712
2015-12-03,4541.27123287671
2015-12-04,4541.6301369863
2015-12-05,4541.98904109589
2015-12-06,4542.34794520548
2015-12-07,4542.70684931507
2015-12-08,4543.06575342466
2015-12-09,4543.42465753425
2015-12-10,4543.78356164384
2015-12-11,4544.14246575342
2015-12-12,4544.50136986301
2015-12-13,4544.8602739726
2015-12-14,4545.21917808219
2015-12-15,4545.57808219178
2015-12-16,4545.93698630137
2015-12-17,4546.29589041096
2015-12-18,4546.65479452055
2015-12-19,4547.01369863014
2015-12-20,4547.37260273973
2015-12-21,4547.73150684932
2015-12-22,4548.0904109589
2015-12-23,4548.44931506849
2015-12-24,4548.80821917808
2015-12-25,4549.16712328767
2015-12-26,4549.52602739726
2015-12-27,4549.88493150685
2015-12-28,4550.24383561644
2015-12-29,4550.60273972603
2015-12-30,4550.96164383562
2015-12-31,4551.32054794521
2016-01-01,4551.67945205479
2016-01-02,4552.03835616438
2016-01-03,4552.39726027397
2016-01-04,4552.75616438356
2016-01-05,4553.11506849315
2016-01-06,4553.47397260274
2016-01-07,4553.83287671233
2016-01-08,4554.19178082192
2016-01-09,4554.55068493151
2016-01-10,4554.9095890411
2016-01-11,4555.26849315068
2016-01-12,4555.62739726027
2016-01-13,4555.98630136986
2016-01-14,4556.34520547945
2016-01-15,4556.70410958904
2016-01-16,4557.06301369863
2016-01-17,4557.42191780822
2016-01-18,4557.78082191781
2016-01-19,4558.1397260274
2016-01-20,4558.49863013699
2016-01-21,4558.85753424658
2016-01-22,4559.21643835616
2016-01-23,4559.57534246575
2016-01-24,4559.93424657534
2016-01-25,4560.29315068493
2016-01-26,4560.65205479452
2016-01-27,4561.01095890411
2016-01-28,4561.3698630137
2016-01-29,4561.72876712329
2016-01-30,4562.08767123288
2016-01-31,4562.44657534247
2016-02-01,4562.80547945205
2016-02-02,4563.16438356164
2016-02-03,4563.52328767123
2016-02-04,4563.88219178082
2016-02-05,4564.24109589041
2016-02-06,4564.6
2016-02-07,4564.95890410959
2016-02-08,4565.31780821918
2016-02-09,4565.67671232877
2016-02-10,4566.03561643836
2016-02-11,4566.39452054794
2016-02-12,4566.75342465753
2016-02-13,4567.11232876712
2016-02-14,4567.47123287671
2016-02-15,4567.8301369863
2016-02-16,4568.18904109589
2016-02-17,4568.54794520548
2016-02-18,4568.90684931507
2016-02-19,4569.26575342466
2016-02-20,4569.62465753425
2016-02-21,4569.98356164384
2016-02-22,4570.34246575342
2016-02-23,4570.70136986301
2016-02-24,4571.0602739726
2016-02-25,4571.41917808219
2016-02-26,4571.77808219178
2016-02-27,4572.13698630137
2016-02-28,4572.49589041096
2016-02-29,4572.85479452055
2016-03-01,4573.21369863014
2016-03-02,4573.57260273973
2016-03-03,4573.93150684932
2016-03-04,4574.2904109589
2016-03-05,4574.64931506849
2016-03-06,4575.00821917808
2016-03-07,4575.36712328767
2016-03-08,4575.72602739726
2016-03-09,4576.08493150685
2016-03-10,4576.44383561644
2016-03-11,4576.80273972603
2016-03-12,4577.16164383562
2016-03-13,4577.52054794521
2016-03-14,4577.87945205479
2016-03-15,4578.23835616438
2016-03-16,4578.59726027397
2016-03-17,4578.95616438356
2016-03-18,4579.31506849315
2016-03-19,4579.67397260274
2016-03-20,4580.03287671233
2016-03-21,4580.39178082192
2016-03-22,4580.75068493151
2016-03-23,4581.1095890411
2016-03-24,4581.46849315068
2016-03-25,4581.82739726027
2016-03-26,4582.18630136986
2016-03-27,4582.54520547945
2016-03-28,4582.90410958904
2016-03-29,4583.26301369863
2016-03-30,4583.62191780822
2016-03-31,4583.98082191781
2016-04-01,4584.3397260274
2016-04-02,4584.69863013699
2016-04-03,4585.05753424658
2016-04-04,4585.41643835616
2016-04-05,4585.77534246575
2016-04-06,4586.13424657534
2016-04-07,4586.49315068493
2016-04-08,4586.85205479452
2016-04-09,4587.21095890411
2016-04-10,4587.5698630137
2016-04-11,4587.92876712329
2016-04-12,4588.28767123288
2016-04-13,4588.64657534247
2016-04-14,4589.00547945205
2016-04-15,4589.36438356164
2016-04-16,4589.72328767123
2016-04-17,4590.08219178082
2016-04-18,4590.44109589041
2016-04-19,4590.8
2016-04-20,4591.15890410959
2016-04-21,4591.51780821918
2016-04-22,4591.87671232877
2016-04-23,4592.23561643836
2016-04-24,4592.59452054795
2016-04-25,4592.95342465753
2016-04-26,4593.31232876712
2016-04-27,4593.67123287671
2016-04-28,4594.0301369863
2016-04-29,4594.38904109589
2016-04-30,4594.74794520548
2016-05-01,4595.10684931507
2016-05-02,4595.46575342466
2016-05-03,4595.82465753425
2016-05-04,4596.18356164384
2016-05-05,4596.54246575342
2016-05-06,4596.90136986301
2016-05-07,4597.2602739726
2016-05-08,4597.61917808219
2016-05-09,4597.97808219178
2016-05-10,4598.33698630137
2016-05-11,4598.69589041096
2016-05-12,4599.05479452055
2016-05-13,4599.41369863014
2016-05-14,4599.77260273973
2016-05-15,4600.13150684931
2016-05-16,4600.4904109589
2016-05-17,4600.84931506849
2016-05-18,4601.20821917808
2016-05-19,4601.56712328767
2016-05-20,4601.92602739726
2016-05-21,4602.28493150685
2016-05-22,4602.64383561644
2016-05-23,4603.00273972603
2016-05-24,4603.36164383562
2016-05-25,4603.72054794521
2016-05-26,4604.07945205479
2016-05-27,4604.43835616438
2016-05-28,4604.79726027397
2016-05-29,4605.15616438356
2016-05-30,4605.51506849315
2016-05-31,4605.87397260274
2016-06-01,4606.23287671233
2016-06-02,4606.59178082192
2016-06-03,4606.95068493151
2016-06-04,4607.3095890411
2016-06-05,4607.66849315069
2016-06-06,4608.02739726027
2016-06-07,4608.38630136986
2016-06-08,4608.74520547945
2016-06-09,4609.10410958904
2016-06-10,4609.46301369863
2016-06-11,4609.82191780822
2016-06-12,4610.18082191781
2016-06-13,4610.5397260274
2016-06-14,4610.89863013699
2016-06-15,4611.25753424658
2016-06-16,4611.61643835616
2016-06-17,4611.97534246575
2016-06-18,4612.33424657534
2016-06-19,4612.69315068493
2016-06-20,4613.05205479452
2016-06-21,4613.41095890411
2016-06-22,4613.7698630137
2016-06-23,4614.12876712329
2016-06-24,4614.48767123288
2016-06-25,4614.84657534247
2016-06-26,4615.20547945205
2016-06-27,4615.56438356164
2016-06-28,4615.92328767123
2016-06-29,4616.28219178082
2016-06-30,4616.64109589041
2016-07-01,4617
2016-07-02,4617
2016-07-03,4618.12602739726
2016-07-04,4619.25205479452
2016-07-05,4620.37808219178
2016-07-06,4621.50410958904
2016-07-07,4622.6301369863
2016-07-08,4623.75616438356
2016-07-09,4624.88219178082
2016-07-10,4626.00821917808
2016-07-11,4627.13424657534
2016-07-12,4628.2602739726
2016-07-13,4629.38630136986
2016-07-14,4630.51232876712
2016-07-15,4631.63835616438
2016-07-16,4632.76438356164
2016-07-17,4633.8904109589
2016-07-18,4635.01643835616
2016-07-19,4636.14246575342
2016-07-20,4637.26849315068
2016-07-21,4638.39452054794
2016-07-22,4639.52054794521
2016-07-23,4640.64657534247
2016-07-24,4641.77260273973
2016-07-25,4642.89863013699
2016-07-26,4644.02465753425
2016-07-27,4645.15068493151
2016-07-28,4646.27671232877
2016-07-29,4647.40273972603
2016-07-30,4648.52876712329
2016-07-31,4649.65479452055
2016-08-01,4650.78082191781
2016-08-02,4651.90684931507
2016-08-03,4653.03287671233
2016-08-04,4654.15890410959
2016-08-05,4655.28493150685
2016-08-06,4656.41095890411
2016-08-07,4657.53698630137
2016-08-08,4658.66301369863
2016-08-09,4659.78904109589
2016-08-10,4660.91506849315
2016-08-11,4662.04109589041
2016-08-12,4663.16712328767
2016-08-13,4664.29315068493
2016-08-14,4665.41917808219
2016-08-15,4666.54520547945
2016-08-16,4667.67123287671
2016-08-17,4668.79726027397
2016-08-18,4669.92328767123
2016-08-19,4671.04931506849
2016-08-20,4672.17534246575
2016-08-21,4673.30136986301
2016-08-22,4674.42739726027
2016-08-23,4675.55342465753
2016-08-24,4676.67945205479
2016-08-25,4677.80547945205
2016-08-26,4678.93150684932
2016-08-27,4680.05753424658
2016-08-28,4681.18356164384
2016-08-29,4682.3095890411
2016-08-30,4683.43561643836
2016-08-31,4684.56164383562
2016-09-01,4685.68767123288
2016-09-02,4686.81369863014
2016-09-03,4687.9397260274
2016-09-04,4689.06575342466
2016-09-05,4690.19178082192
2016-09-06,4691.31780821918
2016-09-07,4692.44383561644
2016-09-08,4693.5698630137
2016-09-09,4694.69589041096
2016-09-10,4695.82191780822
2016-09-11,4696.94794520548
2016-09-12,4698.07397260274
2016-09-13,4699.2
2016-09-14,4700.32602739726
2016-09-15,4701.45205479452
2016-09-16,4702.57808219178
2016-09-17,4703.70410958904
2016-09-18,4704.8301369863
2016-09-19,4705.95616438356
2016-09-20,4707.08219178082
2016-09-21,4708.20821917808
2016-09-22,4709.33424657534
2016-09-23,4710.4602739726
2016-09-24,4711.58630136986
2016-09-25,4712.71232876712
2016-09-26,4713.83835616438
2016-09-27,4714.96438356164
2016-09-28,4716.0904109589
2016-09-29,4717.21643835616
2016-09-30,4718.34246575342
2016-10-01,4719.46849315068
2016-10-02,4720.59452054795
2016-10-03,4721.72054794521
2016-10-04,4722.84657534247
2016-10-05,4723.97260273973
2016-10-06,4725.09863013699
2016-10-07,4726.22465753425
2016-10-08,4727.35068493151
2016-10-09,4728.47671232877
2016-10-10,4729.60273972603
2016-10-11,4730.72876712329
2016-10-12,4731.85479452055
2016-10-13,4732.98082191781
2016-10-14,4734.10684931507
2016-10-15,4735.23287671233
2016-10-16,4736.35890410959
2016-10-17,4737.48493150685
2016-10-18,4738.61095890411
2016-10-19,4739.73698630137
2016-10-20,4740.86301369863
2016-10-21,4741.98904109589
2016-10-22,4743.11506849315
2016-10-23,4744.24109589041
2016-10-24,4745.36712328767
2016-10-25,4746.49315068493
2016-10-26,4747.61917808219
2016-10-27,4748.74520547945
2016-10-28,4749.87123287671
2016-10-29,4750.99726027397
2016-10-30,4752.12328767123
2016-10-31,4753.24931506849
2016-11-01,4754.37534246575
2016-11-02,4755.50136986301
2016-11-03,4756.62739726027
2016-11-04,4757.75342465753
2016-11-05,4758.87945205479
2016-11-06,4760.00547945205
2016-11-07,4761.13150684931
2016-11-08,4762.25753424658
2016-11-09,4763.38356164384
2016-11-10,4764.5095890411
2016-11-11,4765.63561643836
2016-11-12,4766.76164383562
2016-11-13,4767.88767123288
2016-11-14,4769.01369863014
2016-11-15,4770.1397260274
2016-11-16,4771.26575342466
2016-11-17,4772.39178082192
2016-11-18,4773.51780821918
2016-11-19,4774.64383561644
2016-11-20,4775.7698630137
2016-11-21,4776.89589041096
2016-11-22,4778.02191780822
2016-11-23,4779.14794520548
2016-11-24,4780.27397260274
2016-11-25,4781.4
2016-11-26,4782.52602739726
2016-11-27,4783.65205479452
2016-11-28,4784.77808219178
2016-11-29,4785.90410958904
2016-11-30,4787.0301369863
2016-12-01,4788.15616438356
2016-12-02,4789.28219178082
2016-12-03,4790.40821917808
2016-12-04,4791.53424657534
2016-12-05,4792.6602739726
2016-12-06,4793.78630136986
2016-12-07,4794.91232876712
2016-12-08,4796.03835616438
2016-12-09,4797.16438356164
2016-12-10,4798.2904109589
2016-12-11,4799.41643835616
2016-12-12,4800.54246575342
2016-12-13,4801.66849315069
2016-12-14,4802.79452054795
2016-12-15,4803.92054794521
2016-12-16,4805.04657534247
2016-12-17,4806.17260273973
2016-12-18,4807.29863013699
2016-12-19,4808.42465753425
2016-12-20,4809.55068493151
2016-12-21,4810.67671232877
2016-12-22,4811.80273972603
2016-12-23,4812.92876712329
2016-12-24,4814.05479452055
2016-12-25,4815.18082191781
2016-12-26,4816.30684931507
2016-12-27,4817.43287671233
2016-12-28,4818.55890410959
2016-12-29,4819.68493150685
2016-12-30,4820.81095890411
2016-12-31,4821.93698630137
2017-01-01,4823.06301369863
2017-01-02,4824.18904109589
2017-01-03,4825.31506849315
2017-01-04,4826.44109589041
2017-01-05,4827.56712328767
2017-01-06,4828.69315068493
2017-01-07,4829.81917808219
2017-01-08,4830.94520547945
2017-01-09,4832.07123287671
2017-01-10,4833.19726027397
2017-01-11,4834.32328767123
2017-01-12,4835.44931506849
2017-01-13,4836.57534246575
2017-01-14,4837.70136986301
2017-01-15,4838.82739726027
2017-01-16,4839.95342465753
2017-01-17,4841.07945205479
2017-01-18,4842.20547945205
2017-01-19,4843.33150684931
2017-01-20,4844.45753424658
2017-01-21,4845.58356164384
2017-01-22,4846.7095890411
2017-01-23,4847.83561643836
2017-01-24,4848.96164383562
2017-01-25,4850.08767123288
2017-01-26,4851.21369863014
2017-01-27,4852.3397260274
2017-01-28,4853.46575342466
2017-01-29,4854.59178082192
2017-01-30,4855.71780821918
2017-01-31,4856.84383561644
2017-02-01,4857.9698630137
2017-02-02,4859.09589041096
2017-02-03,4860.22191780822
2017-02-04,4861.34794520548
2017-02-05,4862.47397260274
2017-02-06,4863.6
2017-02-07,4864.72602739726
2017-02-08,4865.85205479452
2017-02-09,4866.97808219178
2017-02-10,4868.10410958904
2017-02-11,4869.2301369863
2017-02-12,4870.35616438356
2017-02-13,4871.48219178082
2017-02-14,4872.60821917808
2017-02-15,4873.73424657534
2017-02-16,4874.8602739726
2017-02-17,4875.98630136986
2017-02-18,4877.11232876712
2017-02-19,4878.23835616438
2017-02-20,4879.36438356164
2017-02-21,4880.4904109589
2017-02-22,4881.61643835616
2017-02-23,4882.74246575342
2017-02-24,4883.86849315069
2017-02-25,4884.99452054795
2017-02-26,4886.12054794521
2017-02-27,4887.24657534247
2017-02-28,4888.37260273973
2017-03-01,4889.49863013699
2017-03-02,4890.62465753425
2017-03-03,4891.75068493151
2017-03-04,4892.87671232877
2017-03-05,4894.00273972603
2017-03-06,4895.12876712329
2017-03-07,4896.25479452055
2017-03-08,4897.38082191781
2017-03-09,4898.50684931507
2017-03-10,4899.63287671233
2017-03-11,4900.75890410959
2017-03-12,4901.88493150685
2017-03-13,4903.01095890411
2017-03-14,4904.13698630137
2017-03-15,4905.26301369863
2017-03-16,4906.38904109589
2017-03-17,4907.51506849315
2017-03-18,4908.64109589041
2017-03-19,4909.76712328767
2017-03-20,4910.89315068493
2017-03-21,4912.01917808219
2017-03-22,4913.14520547945
2017-03-23,4914.27123287671
2017-03-24,4915.39726027397
2017-03-25,4916.52328767123
2017-03-26,4917.64931506849
2017-03-27,4918.77534246575
2017-03-28,4919.90136986301
2017-03-29,4921.02739726027
2017-03-30,4922.15342465753
2017-03-31,4923.27945205479
2017-04-01,4924.40547945205
2017-04-02,4925.53150684932
2017-04-03,4926.65753424658
2017-04-04,4927.78356164384
2017-04-05,4928.9095890411
2017-04-06,4930.03561643836
2017-04-07,4931.16164383562
2017-04-08,4932.28767123288
2017-04-09,4933.41369863014
2017-04-10,4934.5397260274
2017-04-11,4935.66575342466
2017-04-12,4936.79178082192
2017-04-13,4937.91780821918
2017-04-14,4939.04383561644
2017-04-15,4940.1698630137
2017-04-16,4941.29589041096
2017-04-17,4942.42191780822
2017-04-18,4943.54794520548
2017-04-19,4944.67397260274
2017-04-20,4945.8
2017-04-21,4946.92602739726
2017-04-22,4948.05205479452
2017-04-23,4949.17808219178
2017-04-24,4950.30410958904
2017-04-25,4951.4301369863
2017-04-26,4952.55616438356
2017-04-27,4953.68219178082
2017-04-28,4954.80821917808
2017-04-29,4955.93424657534
2017-04-30,4957.0602739726
2017-05-01,4958.18630136986
2017-05-02,4959.31232876712
2017-05-03,4960.43835616438
2017-05-04,4961.56438356164
2017-05-05,4962.6904109589
2017-05-06,4963.81643835616
2017-05-07,4964.94246575342
2017-05-08,4966.06849315068
2017-05-09,4967.19452054795
2017-05-10,4968.32054794521
2017-05-11,4969.44657534247
2017-05-12,4970.57260273973
2017-05-13,4971.69863013699
2017-05-14,4972.82465753425
2017-05-15,4973.95068493151
2017-05-16,4975.07671232877
2017-05-17,4976.20273972603
2017-05-18,4977.32876712329
2017-05-19,4978.45479452055
2017-05-20,4979.58082191781
2017-05-21,4980.70684931507
2017-05-22,4981.83287671233
2017-05-23,4982.95890410959
2017-05-24,4984.08493150685
2017-05-25,4985.21095890411
2017-05-26,4986.33698630137
2017-05-27,4987.46301369863
2017-05-28,4988.58904109589
2017-05-29,4989.71506849315
2017-05-30,4990.84109589041
2017-05-31,4991.96712328767
2017-06-01,4993.09315068493
2017-06-02,4994.21917808219
2017-06-03,4995.34520547945
2017-06-04,4996.47123287671
2017-06-05,4997.59726027397
2017-06-06,4998.72328767123
2017-06-07,4999.84931506849
2017-06-08,5000.97534246575
2017-06-09,5002.10136986301
2017-06-10,5003.22739726027
2017-06-11,5004.35342465753
2017-06-12,5005.47945205479
2017-06-13,5006.60547945206
2017-06-14,5007.73150684932
2017-06-15,5008.85753424658
2017-06-16,5009.98356164384
2017-06-17,5011.1095890411
2017-06-18,5012.23561643836
2017-06-19,5013.36164383562
2017-06-20,5014.48767123288
2017-06-21,5015.61369863014
2017-06-22,5016.7397260274
2017-06-23,5017.86575342466
2017-06-24,5018.99178082192
2017-06-25,5020.11780821918
2017-06-26,5021.24383561644
2017-06-27,5022.3698630137
2017-06-28,5023.49589041096
2017-06-29,5024.62191780822
2017-06-30,5025.74794520548
2017-07-01,5026.87397260274
2017-07-02,5028
2017-07-03,5028.12328767123
2017-07-04,5028.24657534247
2017-07-05,5028.3698630137
2017-07-06,5028.49315068493
2017-07-07,5028.61643835616
2017-07-08,5028.7397260274
2017-07-09,5028.86301369863
2017-07-10,5028.98630136986
2017-07-11,5029.1095890411
2017-07-12,5029.23287671233
2017-07-13,5029.35616438356
2017-07-14,5029.47945205479
2017-07-15,5029.60273972603
2017-07-16,5029.72602739726
2017-07-17,5029.84931506849
2017-07-18,5029.97260273973
2017-07-19,5030.09589041096
2017-07-20,5030.21917808219
2017-07-21,5030.34246575342
2017-07-22,5030.46575342466
2017-07-23,5030.58904109589
2017-07-24,5030.71232876712
2017-07-25,5030.83561643836
2017-07-26,5030.95890410959
2017-07-27,5031.08219178082
2017-07-28,5031.20547945205
2017-07-29,5031.32876712329
2017-07-30,5031.45205479452
2017-07-31,5031.57534246575
2017-08-01,5031.69863013699
2017-08-02,5031.82191780822
2017-08-03,5031.94520547945
2017-08-04,5032.06849315068
2017-08-05,5032.19178082192
2017-08-06,5032.31506849315
2017-08-07,5032.43835616438
2017-08-08,5032.56164383562
2017-08-09,5032.68493150685
2017-08-10,5032.80821917808
2017-08-11,5032.93150684932
2017-08-12,5033.05479452055
2017-08-13,5033.17808219178
2017-08-14,5033.30136986301
2017-08-15,5033.42465753425
2017-08-16,5033.54794520548
2017-08-17,5033.67123287671
2017-08-18,5033.79452054795
2017-08-19,5033.91780821918
2017-08-20,5034.04109589041
2017-08-21,5034.16438356164
2017-08-22,5034.28767123288
2017-08-23,5034.41095890411
2017-08-24,5034.53424657534
2017-08-25,5034.65753424658
2017-08-26,5034.78082191781
2017-08-27,5034.90410958904
2017-08-28,5035.02739726027
2017-08-29,5035.15068493151
2017-08-30,5035.27397260274
2017-08-31,5035.39726027397
2017-09-01,5035.52054794521
2017-09-02,5035.64383561644
2017-09-03,5035.76712328767
2017-09-04,5035.8904109589
2017-09-05,5036.01369863014
2017-09-06,5036.13698630137
2017-09-07,5036.2602739726
2017-09-08,5036.38356164384
2017-09-09,5036.50684931507
2017-09-10,5036.6301369863
2017-09-11,5036.75342465753
2017-09-12,5036.87671232877
2017-09-13,5037
2017-09-14,5037.12328767123
2017-09-15,5037.24657534247
2017-09-16,5037.3698630137
2017-09-17,5037.49315068493
2017-09-18,5037.61643835616
2017-09-19,5037.7397260274
2017-09-20,5037.86301369863
2017-09-21,5037.98630136986
2017-09-22,5038.1095890411
2017-09-23,5038.23287671233
2017-09-24,5038.35616438356
2017-09-25,5038.47945205479
2017-09-26,5038.60273972603
2017-09-27,5038.72602739726
2017-09-28,5038.84931506849
2017-09-29,5038.97260273973
2017-09-30,5039.09589041096
2017-10-01,5039.21917808219
2017-10-02,5039.34246575342
2017-10-03,5039.46575342466
2017-10-04,5039.58904109589
2017-10-05,5039.71232876712
2017-10-06,5039.83561643836
2017-10-07,5039.95890410959
2017-10-08,5040.08219178082
2017-10-09,5040.20547945205
2017-10-10,5040.32876712329
2017-10-11,5040.45205479452
2017-10-12,5040.57534246575
2017-10-13,5040.69863013699
2017-10-14,5040.82191780822
2017-10-15,5040.94520547945
2017-10-16,5041.06849315068
2017-10-17,5041.19178082192
2017-10-18,5041.31506849315
2017-10-19,5041.43835616438
2017-10-20,5041.56164383562
2017-10-21,5041.68493150685
2017-10-22,5041.80821917808
2017-10-23,5041.93150684932
2017-10-24,5042.05479452055
2017-10-25,5042.17808219178
2017-10-26,5042.30136986301
2017-10-27,5042.42465753425
2017-10-28,5042.54794520548
2017-10-29,5042.67123287671
2017-10-30,5042.79452054795
2017-10-31,5042.91780821918
2017-11-01,5043.04109589041
2017-11-02,5043.16438356164
2017-11-03,5043.28767123288
2017-11-04,5043.41095890411
2017-11-05,5043.53424657534
2017-11-06,5043.65753424658
2017-11-07,5043.78082191781
2017-11-08,5043.90410958904
2017-11-09,5044.02739726027
2017-11-10,5044.15068493151
2017-11-11,5044.27397260274
2017-11-12,5044.39726027397
2017-11-13,5044.52054794521
2017-11-14,5044.64383561644
2017-11-15,5044.76712328767
2017-11-16,5044.8904109589
2017-11-17,5045.01369863014
2017-11-18,5045.13698630137
2017-11-19,5045.2602739726
2017-11-20,5045.38356164384
2017-11-21,5045.50684931507
2017-11-22,5045.6301369863
2017-11-23,5045.75342465753
2017-11-24,5045.87671232877
2017-11-25,5046
2017-11-26,5046.12328767123
2017-11-27,5046.24657534247
2017-11-28,5046.3698630137
2017-11-29,5046.49315068493
2017-11-30,5046.61643835616
2017-12-01,5046.7397260274
2017-12-02,5046.86301369863
2017-12-03,5046.98630136986
2017-12-04,5047.1095890411
2017-12-05,5047.23287671233
2017-12-06,5047.35616438356
2017-12-07,5047.47945205479
2017-12-08,5047.60273972603
2017-12-09,5047.72602739726
2017-12-10,5047.84931506849
2017-12-11,5047.97260273973
2017-12-12,5048.09589041096
2017-12-13,5048.21917808219
2017-12-14,5048.34246575342
2017-12-15,5048.46575342466
2017-12-16,5048.58904109589
2017-12-17,5048.71232876712
2017-12-18,5048.83561643836
2017-12-19,5048.95890410959
2017-12-20,5049.08219178082
2017-12-21,5049.20547945205
2017-12-22,5049.32876712329
2017-12-23,5049.45205479452
2017-12-24,5049.57534246575
2017-12-25,5049.69863013699
2017-12-26,5049.82191780822
2017-12-27,5049.94520547945
2017-12-28,5050.06849315068
2017-12-29,5050.19178082192
2017-12-30,5050.31506849315
2017-12-31,5050.43835616438
2018-01-01,5050.56164383562
2018-01-02,5050.68493150685
2018-01-03,5050.80821917808
2018-01-04,5050.93150684932
2018-01-05,5051.05479452055
2018-01-06,5051.17808219178
2018-01-07,5051.30136986301
2018-01-08,5051.42465753425
2018-01-09,5051.54794520548
2018-01-10,5051.67123287671
2018-01-11,5051.79452054795
2018-01-12,5051.91780821918
2018-01-13,5052.04109589041
2018-01-14,5052.16438356164
2018-01-15,5052.28767123288
2018-01-16,5052.41095890411
2018-01-17,5052.53424657534
2018-01-18,5052.65753424658
2018-01-19,5052.78082191781
2018-01-20,5052.90410958904
2018-01-21,5053.02739726027
2018-01-22,5053.15068493151
2018-01-23,5053.27397260274
2018-01-24,5053.39726027397
2018-01-25,5053.52054794521
2018-01-26,5053.64383561644
2018-01-27,5053.76712328767
2018-01-28,5053.8904109589
2018-01-29,5054.01369863014
2018-01-30,5054.13698630137
2018-01-31,5054.2602739726
2018-02-01,5054.38356164384
2018-02-02,5054.50684931507
2018-02-03,5054.6301369863
2018-02-04,5054.75342465753
2018-02-05,5054.87671232877
2018-02-06,5055
2018-02-07,5055.12328767123
2018-02-08,5055.24657534247
2018-02-09,5055.3698630137
2018-02-10,5055.49315068493
2018-02-11,5055.61643835616
2018-02-12,5055.7397260274
2018-02-13,5055.86301369863
2018-02-14,5055.98630136986
2018-02-15,5056.1095890411
2018-02-16,5056.23287671233
2018-02-17,5056.35616438356
2018-02-18,5056.47945205479
2018-02-19,5056.60273972603
2018-02-20,5056.72602739726
2018-02-21,5056.84931506849
2018-02-22,5056.97260273973
2018-02-23,5057.09589041096
2018-02-24,5057.21917808219
2018-02-25,5057.34246575342
2018-02-26,5057.46575342466
2018-02-27,5057.58904109589
2018-02-28,5057.71232876712
2018-03-01,5057.83561643836
2018-03-02,5057.95890410959
2018-03-03,5058.08219178082
2018-03-04,5058.20547945205
2018-03-05,5058.32876712329
2018-03-06,5058.45205479452
2018-03-07,5058.57534246575
2018-03-08,5058.69863013699
2018-03-09,5058.82191780822
2018-03-10,5058.94520547945
2018-03-11,5059.06849315068
2018-03-12,5059.19178082192
2018-03-13,5059.31506849315
2018-03-14,5059.43835616438
2018-03-15,5059.56164383562
2018-03-16,5059.68493150685
2018-03-17,5059.80821917808
2018-03-18,5059.93150684932
2018-03-19,5060.05479452055
2018-03-20,5060.17808219178
2018-03-21,5060.30136986301
2018-03-22,5060.42465753425
2018-03-23,5060.54794520548
2018-03-24,5060.67123287671
2018-03-25,5060.79452054795
2018-03-26,5060.91780821918
2018-03-27,5061.04109589041
2018-03-28,5061.16438356164
2018-03-29,5061.28767123288
2018-03-30,5061.41095890411
2018-03-31,5061.53424657534
2018-04-01,5061.65753424658
2018-04-02,5061.78082191781
2018-04-03,5061.90410958904
2018-04-04,5062.02739726027
2018-04-05,5062.15068493151
2018-04-06,5062.27397260274
2018-04-07,5062.39726027397
2018-04-08,5062.52054794521
2018-04-09,5062.64383561644
2018-04-10,5062.76712328767
2018-04-11,5062.8904109589
2018-04-12,5063.01369863014
2018-04-13,5063.13698630137
2018-04-14,5063.2602739726
2018-04-15,5063.38356164384
2018-04-16,5063.50684931507
2018-04-17,5063.6301369863
2018-04-18,5063.75342465753
2018-04-19,5063.87671232877
2018-04-20,5064
2018-04-21,5064.12328767123
2018-04-22,5064.24657534247
2018-04-23,5064.3698630137
2018-04-24,5064.49315068493
2018-04-25,5064.61643835616
2018-04-26,5064.7397260274
2018-04-27,5064.86301369863
2018-04-28,5064.98630136986
2018-04-29,5065.1095890411
2018-04-30,5065.23287671233
2018-05-01,5065.35616438356
2018-05-02,5065.47945205479
2018-05-03,5065.60273972603
2018-05-04,5065.72602739726
2018-05-05,5065.84931506849
2018-05-06,5065.97260273973
2018-05-07,5066.09589041096
2018-05-08,5066.21917808219
2018-05-09,5066.34246575342
2018-05-10,5066.46575342466
2018-05-11,5066.58904109589
2018-05-12,5066.71232876712
2018-05-13,5066.83561643836
2018-05-14,5066.95890410959
2018-05-15,5067.08219178082
2018-05-16,5067.20547945205
2018-05-17,5067.32876712329
2018-05-18,5067.45205479452
2018-05-19,5067.57534246575
2018-05-20,5067.69863013699
2018-05-21,5067.82191780822
2018-05-22,5067.94520547945
2018-05-23,5068.06849315068
2018-05-24,5068.19178082192
2018-05-25,5068.31506849315
2018-05-26,5068.43835616438
2018-05-27,5068.56164383562
2018-05-28,5068.68493150685
2018-05-29,5068.80821917808
2018-05-30,5068.93150684932
2018-05-31,5069.05479452055
2018-06-01,5069.17808219178
2018-06-02,5069.30136986301
2018-06-03,5069.42465753425
2018-06-04,5069.54794520548
2018-06-05,5069.67123287671
2018-06-06,5069.79452054795
2018-06-07,5069.91780821918
2018-06-08,5070.04109589041
2018-06-09,5070.16438356164
2018-06-10,5070.28767123288
2018-06-11,5070.41095890411
2018-06-12,5070.53424657534
2018-06-13,5070.65753424658
2018-06-14,5070.78082191781
2018-06-15,5070.90410958904
2018-06-16,5071.02739726027
2018-06-17,5071.15068493151
2018-06-18,5071.27397260274
2018-06-19,5071.39726027397
2018-06-20,5071.52054794521
2018-06-21,5071.64383561644
2018-06-22,5071.76712328767
2018-06-23,5071.8904109589
2018-06-24,5072.01369863014
2018-06-25,5072.13698630137
2018-06-26,5072.2602739726
2018-06-27,5072.38356164384
2018-06-28,5072.50684931507
2018-06-29,5072.6301369863
2018-06-30,5072.75342465753
2018-07-01,5072.87671232877
2018-07-02,5073
2018-07-03,5073.14794520548
2018-07-04,5073.29589041096
2018-07-05,5073.44383561644
2018-07-06,5073.59178082192
2018-07-07,5073.7397260274
2018-07-08,5073.88767123288
2018-07-09,5074.03561643836
2018-07-10,5074.18356164384
2018-07-11,5074.33150684931
2018-07-12,5074.47945205479
2018-07-13,5074.62739726027
2018-07-14,5074.77534246575
2018-07-15,5074.92328767123
2018-07-16,5075.07123287671
2018-07-17,5075.21917808219
2018-07-18,5075.36712328767
2018-07-19,5075.51506849315
2018-07-20,5075.66301369863
2018-07-21,5075.81095890411
2018-07-22,5075.95890410959
2018-07-23,5076.10684931507
2018-07-24,5076.25479452055
2018-07-25,5076.40273972603
2018-07-26,5076.55068493151
2018-07-27,5076.69863013699
2018-07-28,5076.84657534247
2018-07-29,5076.99452054795
2018-07-30,5077.14246575342
2018-07-31,5077.2904109589
2018-08-01,5077.43835616438
2018-08-02,5077.58630136986
2018-08-03,5077.73424657534
2018-08-04,5077.88219178082
2018-08-05,5078.0301369863
2018-08-06,5078.17808219178
2018-08-07,5078.32602739726
2018-08-08,5078.47397260274
2018-08-09,5078.62191780822
2018-08-10,5078.7698630137
2018-08-11,5078.91780821918
2018-08-12,5079.06575342466
2018-08-13,5079.21369863014
2018-08-14,5079.36164383562
2018-08-15,5079.5095890411
2018-08-16,5079.65753424658
2018-08-17,5079.80547945205
2018-08-18,5079.95342465753
2018-08-19,5080.10136986301
2018-08-20,5080.24931506849
2018-08-21,5080.39726027397
2018-08-22,5080.54520547945
2018-08-23,5080.69315068493
2018-08-24,5080.84109589041
2018-08-25,5080.98904109589
2018-08-26,5081.13698630137
2018-08-27,5081.28493150685
2018-08-28,5081.43287671233
2018-08-29,5081.58082191781
2018-08-30,5081.72876712329
2018-08-31,5081.87671232877
2018-09-01,5082.02465753425
2018-09-02,5082.17260273973
2018-09-03,5082.32054794521
2018-09-04,5082.46849315068
2018-09-05,5082.61643835616
2018-09-06,5082.76438356164
2018-09-07,5082.91232876712
2018-09-08,5083.0602739726
2018-09-09,5083.20821917808
2018-09-10,5083.35616438356
2018-09-11,5083.50410958904
2018-09-12,5083.65205479452
2018-09-13,5083.8
2018-09-14,5083.94794520548
2018-09-15,5084.09589041096
2018-09-16,5084.24383561644
2018-09-17,5084.39178082192
2018-09-18,5084.5397260274
2018-09-19,5084.68767123288
2018-09-20,5084.83561643836
2018-09-21,5084.98356164384
2018-09-22,5085.13150684931
2018-09-23,5085.27945205479
2018-09-24,5085.42739726027
2018-09-25,5085.57534246575
2018-09-26,5085.72328767123
2018-09-27,5085.87123287671
2018-09-28,5086.01917808219
2018-09-29,5086.16712328767
2018-09-30,5086.31506849315
2018-10-01,5086.46301369863
2018-10-02,5086.61095890411
2018-10-03,5086.75890410959
2018-10-04,5086.90684931507
2018-10-05,5087.05479452055
2018-10-06,5087.20273972603
2018-10-07,5087.35068493151
2018-10-08,5087.49863013699
2018-10-09,5087.64657534247
2018-10-10,5087.79452054795
2018-10-11,5087.94246575342
2018-10-12,5088.0904109589
2018-10-13,5088.23835616438
2018-10-14,5088.38630136986
2018-10-15,5088.53424657534
2018-10-16,5088.68219178082
2018-10-17,5088.8301369863
2018-10-18,5088.97808219178
2018-10-19,5089.12602739726
2018-10-20,5089.27397260274
2018-10-21,5089.42191780822
2018-10-22,5089.5698630137
2018-10-23,5089.71780821918
2018-10-24,5089.86575342466
2018-10-25,5090.01369863014
2018-10-26,5090.16164383562
2018-10-27,5090.3095890411
2018-10-28,5090.45753424658
2018-10-29,5090.60547945206
2018-10-30,5090.75342465753
2018-10-31,5090.90136986301
2018-11-01,5091.04931506849
2018-11-02,5091.19726027397
2018-11-03,5091.34520547945
2018-11-04,5091.49315068493
2018-11-05,5091.64109589041
2018-11-06,5091.78904109589
2018-11-07,5091.93698630137
2018-11-08,5092.08493150685
2018-11-09,5092.23287671233
2018-11-10,5092.38082191781
2018-11-11,5092.52876712329
2018-11-12,5092.67671232877
2018-11-13,5092.82465753425
2018-11-14,5092.97260273973
2018-11-15,5093.12054794521
2018-11-16,5093.26849315068
2018-11-17,5093.41643835616
2018-11-18,5093.56438356164
2018-11-19,5093.71232876712
2018-11-20,5093.8602739726
2018-11-21,5094.00821917808
2018-11-22,5094.15616438356
2018-11-23,5094.30410958904
2018-11-24,5094.45205479452
2018-11-25,5094.6
2018-11-26,5094.74794520548
2018-11-27,5094.89589041096
2018-11-28,5095.04383561644
2018-11-29,5095.19178082192
2018-11-30,5095.3397260274
2018-12-01,5095.48767123288
2018-12-02,5095.63561643836
2018-12-03,5095.78356164384
2018-12-04,5095.93150684932
2018-12-05,5096.07945205479
2018-12-06,5096.22739726027
2018-12-07,5096.37534246575
2018-12-08,5096.52328767123
2018-12-09,5096.67123287671
2018-12-10,5096.81917808219
2018-12-11,5096.96712328767
2018-12-12,5097.11506849315
2018-12-13,5097.26301369863
2018-12-14,5097.41095890411
2018-12-15,5097.55890410959
2018-12-16,5097.70684931507
2018-12-17,5097.85479452055
2018-12-18,5098.00273972603
2018-12-19,5098.15068493151
2018-12-20,5098.29863013699
2018-12-21,5098.44657534247
2018-12-22,5098.59452054795
2018-12-23,5098.74246575342
2018-12-24,5098.8904109589
2018-12-25,5099.03835616438
2018-12-26,5099.18630136986
2018-12-27,5099.33424657534
2018-12-28,5099.48219178082
2018-12-29,5099.6301369863
2018-12-30,5099.77808219178
2018-12-31,5099.92602739726
2019-01-01,5100.07397260274
2019-01-02,5100.22191780822
2019-01-03,5100.3698630137
2019-01-04,5100.51780821918
2019-01-05,5100.66575342466
2019-01-06,5100.81369863014
2019-01-07,5100.96164383562
2019-01-08,5101.1095890411
2019-01-09,5101.25753424658
2019-01-10,5101.40547945205
2019-01-11,5101.55342465753
2019-01-12,5101.70136986301
2019-01-13,5101.84931506849
2019-01-14,5101.99726027397
2019-01-15,5102.14520547945
2019-01-16,5102.29315068493
2019-01-17,5102.44109589041
2019-01-18,5102.58904109589
2019-01-19,5102.73698630137
2019-01-20,5102.88493150685
2019-01-21,5103.03287671233
2019-01-22,5103.18082191781
2019-01-23,5103.32876712329
2019-01-24,5103.47671232877
2019-01-25,5103.62465753425
2019-01-26,5103.77260273973
2019-01-27,5103.92054794521
2019-01-28,5104.06849315068
2019-01-29,5104.21643835616
2019-01-30,5104.36438356164
2019-01-31,5104.51232876712
2019-02-01,5104.6602739726
2019-02-02,5104.80821917808
2019-02-03,5104.95616438356
2019-02-04,5105.10410958904
2019-02-05,5105.25205479452
2019-02-06,5105.4
2019-02-07,5105.54794520548
2019-02-08,5105.69589041096
2019-02-09,5105.84383561644
2019-02-10,5105.99178082192
2019-02-11,5106.1397260274
2019-02-12,5106.28767123288
2019-02-13,5106.43561643836
2019-02-14,5106.58356164384
2019-02-15,5106.73150684932
2019-02-16,5106.87945205479
2019-02-17,5107.02739726027
2019-02-18,5107.17534246575
2019-02-19,5107.32328767123
2019-02-20,5107.47123287671
2019-02-21,5107.61917808219
2019-02-22,5107.76712328767
2019-02-23,5107.91506849315
2019-02-24,5108.06301369863
2019-02-25,5108.21095890411
2019-02-26,5108.35890410959
2019-02-27,5108.50684931507
2019-02-28,5108.65479452055
2019-03-01,5108.80273972603
2019-03-02,5108.95068493151
2019-03-03,5109.09863013699
2019-03-04,5109.24657534247
2019-03-05,5109.39452054794
2019-03-06,5109.54246575342
2019-03-07,5109.6904109589
2019-03-08,5109.83835616438
2019-03-09,5109.98630136986
2019-03-10,5110.13424657534
2019-03-11,5110.28219178082
2019-03-12,5110.4301369863
2019-03-13,5110.57808219178
2019-03-14,5110.72602739726
2019-03-15,5110.87397260274
2019-03-16,5111.02191780822
2019-03-17,5111.1698630137
2019-03-18,5111.31780821918
2019-03-19,5111.46575342466
2019-03-20,5111.61369863014
2019-03-21,5111.76164383562
2019-03-22,5111.9095890411
2019-03-23,5112.05753424658
2019-03-24,5112.20547945205
2019-03-25,5112.35342465753
2019-03-26,5112.50136986301
2019-03-27,5112.64931506849
2019-03-28,5112.79726027397
2019-03-29,5112.94520547945
2019-03-30,5113.09315068493
2019-03-31,5113.24109589041
2019-04-01,5113.38904109589
2019-04-02,5113.53698630137
2019-04-03,5113.68493150685
2019-04-04,5113.83287671233
2019-04-05,5113.98082191781
2019-04-06,5114.12876712329
2019-04-07,5114.27671232877
2019-04-08,5114.42465753425
2019-04-09,5114.57260273973
2019-04-10,5114.72054794521
2019-04-11,5114.86849315069
2019-04-12,5115.01643835616
2019-04-13,5115.16438356164
2019-04-14,5115.31232876712
2019-04-15,5115.4602739726
2019-04-16,5115.60821917808
2019-04-17,5115.75616438356
2019-04-18,5115.90410958904
2019-04-19,5116.05205479452
2019-04-20,5116.2
2019-04-21,5116.34794520548
2019-04-22,5116.49589041096
2019-04-23,5116.64383561644
2019-04-24,5116.79178082192
2019-04-25,5116.9397260274
2019-04-26,5117.08767123288
2019-04-27,5117.23561643836
2019-04-28,5117.38356164384
2019-04-29,5117.53150684932
2019-04-30,5117.67945205479
2019-05-01,5117.82739726027
2019-05-02,5117.97534246575
2019-05-03,5118.12328767123
2019-05-04,5118.27123287671
2019-05-05,5118.41917808219
2019-05-06,5118.56712328767
2019-05-07,5118.71506849315
2019-05-08,5118.86301369863
2019-05-09,5119.01095890411
2019-05-10,5119.15890410959
2019-05-11,5119.30684931507
2019-05-12,5119.45479452055
2019-05-13,5119.60273972603
2019-05-14,5119.75068493151
2019-05-15,5119.89863013699
2019-05-16,5120.04657534247
2019-05-17,5120.19452054795
2019-05-18,5120.34246575342
2019-05-19,5120.4904109589
2019-05-20,5120.63835616438
2019-05-21,5120.78630136986
2019-05-22,5120.93424657534
2019-05-23,5121.08219178082
2019-05-24,5121.2301369863
2019-05-25,5121.37808219178
2019-05-26,5121.52602739726
2019-05-27,5121.67397260274
2019-05-28,5121.82191780822
2019-05-29,5121.9698630137
2019-05-30,5122.11780821918
2019-05-31,5122.26575342466
2019-06-01,5122.41369863014
2019-06-02,5122.56164383562
2019-06-03,5122.7095890411
2019-06-04,5122.85753424658
2019-06-05,5123.00547945205
2019-06-06,5123.15342465753
2019-06-07,5123.30136986301
2019-06-08,5123.44931506849
2019-06-09,5123.59726027397
2019-06-10,5123.74520547945
2019-06-11,5123.89315068493
2019-06-12,5124.04109589041
2019-06-13,5124.18904109589
2019-06-14,5124.33698630137
2019-06-15,5124.48493150685
2019-06-16,5124.63287671233
2019-06-17,5124.78082191781
2019-06-18,5124.92876712329
2019-06-19,5125.07671232877
2019-06-20,5125.22465753425
2019-06-21,5125.37260273973
2019-06-22,5125.52054794521
2019-06-23,5125.66849315069
2019-06-24,5125.81643835616
2019-06-25,5125.96438356164
2019-06-26,5126.11232876712
2019-06-27,5126.2602739726
2019-06-28,5126.40821917808
2019-06-29,5126.55616438356
2019-06-30,5126.70410958904
2019-07-01,5126.85205479452
2019-07-02,5127
2019-07-03,5127.14794520548
2019-07-04,5127.29589041096
2019-07-05,5127.44383561644
2019-07-06,5127.59178082192
2019-07-07,5127.7397260274
2019-07-08,5127.88767123288
2019-07-09,5128.03561643836
2019-07-10,5128.18356164384
2019-07-11,5128.33150684931
2019-07-12,5128.47945205479
2019-07-13,5128.62739726027
2019-07-14,5128.77534246575
2019-07-15,5128.92328767123
2019-07-16,5129.07123287671
2019-07-17,5129.21917808219
2019-07-18,5129.36712328767
2019-07-19,5129.51506849315
2019-07-20,5129.66301369863
2019-07-21,5129.81095890411
2019-07-22,5129.95890410959
2019-07-23,5130.10684931507
2019-07-24,5130.25479452055
2019-07-25,5130.40273972603
2019-07-26,5130.55068493151
2019-07-27,5130.69863013699
2019-07-28,5130.84657534247
2019-07-29,5130.99452054795
2019-07-30,5131.14246575342
2019-07-31,5131.2904109589
2019-08-01,5131.43835616438
2019-08-02,5131.58630136986
2019-08-03,5131.73424657534
2019-08-04,5131.88219178082
2019-08-05,5132.0301369863
2019-08-06,5132.17808219178
2019-08-07,5132.32602739726
2019-08-08,5132.47397260274
2019-08-09,5132.62191780822
2019-08-10,5132.7698630137
2019-08-11,5132.91780821918
2019-08-12,5133.06575342466
2019-08-13,5133.21369863014
2019-08-14,5133.36164383562
2019-08-15,5133.5095890411
2019-08-16,5133.65753424658
2019-08-17,5133.80547945205
2019-08-18,5133.95342465753
2019-08-19,5134.10136986301
2019-08-20,5134.24931506849
2019-08-21,5134.39726027397
2019-08-22,5134.54520547945
2019-08-23,5134.69315068493
2019-08-24,5134.84109589041
2019-08-25,5134.98904109589
2019-08-26,5135.13698630137
2019-08-27,5135.28493150685
2019-08-28,5135.43287671233
2019-08-29,5135.58082191781
2019-08-30,5135.72876712329
2019-08-31,5135.87671232877
2019-09-01,5136.02465753425
2019-09-02,5136.17260273973
2019-09-03,5136.32054794521
2019-09-04,5136.46849315068
2019-09-05,5136.61643835616
2019-09-06,5136.76438356164
2019-09-07,5136.91232876712
2019-09-08,5137.0602739726
2019-09-09,5137.20821917808
2019-09-10,5137.35616438356
2019-09-11,5137.50410958904
2019-09-12,5137.65205479452
2019-09-13,5137.8
2019-09-14,5137.94794520548
2019-09-15,5138.09589041096
2019-09-16,5138.24383561644
2019-09-17,5138.39178082192
2019-09-18,5138.5397260274
2019-09-19,5138.68767123288
2019-09-20,5138.83561643836
2019-09-21,5138.98356164384
2019-09-22,5139.13150684931
2019-09-23,5139.27945205479
2019-09-24,5139.42739726027
2019-09-25,5139.57534246575
2019-09-26,5139.72328767123
2019-09-27,5139.87123287671
2019-09-28,5140.01917808219
2019-09-29,5140.16712328767
2019-09-30,5140.31506849315
2019-10-01,5140.46301369863
2019-10-02,5140.61095890411
2019-10-03,5140.75890410959
2019-10-04,5140.90684931507
2019-10-05,5141.05479452055
2019-10-06,5141.20273972603
2019-10-07,5141.35068493151
2019-10-08,5141.49863013699
2019-10-09,5141.64657534247
2019-10-10,5141.79452054795
2019-10-11,5141.94246575342
2019-10-12,5142.0904109589
2019-10-13,5142.23835616438
2019-10-14,5142.38630136986
2019-10-15,5142.53424657534
2019-10-16,5142.68219178082
2019-10-17,5142.8301369863
2019-10-18,5142.97808219178
2019-10-19,5143.12602739726
2019-10-20,5143.27397260274
2019-10-21,5143.42191780822
2019-10-22,5143.5698630137
2019-10-23,5143.71780821918
2019-10-24,5143.86575342466
2019-10-25,5144.01369863014
2019-10-26,5144.16164383562
2019-10-27,5144.3095890411
2019-10-28,5144.45753424658
2019-10-29,5144.60547945206
2019-10-30,5144.75342465753
2019-10-31,5144.90136986301
2019-11-01,5145.04931506849
2019-11-02,5145.19726027397
2019-11-03,5145.34520547945
2019-11-04,5145.49315068493
2019-11-05,5145.64109589041
2019-11-06,5145.78904109589
2019-11-07,5145.93698630137
2019-11-08,5146.08493150685
2019-11-09,5146.23287671233
2019-11-10,5146.38082191781
2019-11-11,5146.52876712329
2019-11-12,5146.67671232877
2019-11-13,5146.82465753425
2019-11-14,5146.97260273973
2019-11-15,5147.12054794521
2019-11-16,5147.26849315068
2019-11-17,5147.41643835616
2019-11-18,5147.56438356164
2019-11-19,5147.71232876712
2019-11-20,5147.8602739726
2019-11-21,5148.00821917808
2019-11-22,5148.15616438356
2019-11-23,5148.30410958904
2019-11-24,5148.45205479452
2019-11-25,5148.6
2019-11-26,5148.74794520548
2019-11-27,5148.89589041096
2019-11-28,5149.04383561644
2019-11-29,5149.19178082192
2019-11-30,5149.3397260274
2019-12-01,5149.48767123288
2019-12-02,5149.63561643836
2019-12-03,5149.78356164384
2019-12-04,5149.93150684932
2019-12-05,5150.07945205479
2019-12-06,5150.22739726027
2019-12-07,5150.37534246575
2019-12-08,5150.52328767123
2019-12-09,5150.67123287671
2019-12-10,5150.81917808219
2019-12-11,5150.96712328767
2019-12-12,5151.11506849315
2019-12-13,5151.26301369863
2019-12-14,5151.41095890411
2019-12-15,5151.55890410959
2019-12-16,5151.70684931507
2019-12-17,5151.85479452055
2019-12-18,5152.00273972603
2019-12-19,5152.15068493151
2019-12-20,5152.29863013699
2019-12-21,5152.44657534247
2019-12-22,5152.59452054795
2019-12-23,5152.74246575342
2019-12-24,5152.8904109589
2019-12-25,5153.03835616438
2019-12-26,5153.18630136986
2019-12-27,5153.33424657534
2019-12-28,5153.48219178082
2019-12-29,5153.6301369863
2019-12-30,5153.77808219178
2019-12-31,5153.92602739726
2020-01-01,5154.07397260274
2020-01-02,5154.22191780822
2020-01-03,5154.3698630137
2020-01-04,5154.51780821918
2020-01-05,5154.66575342466
2020-01-06,5154.81369863014
2020-01-07,5154.96164383562
2020-01-08,5155.1095890411
2020-01-09,5155.25753424658
2020-01-10,5155.40547945205
2020-01-11,5155.55342465753
2020-01-12,5155.70136986301
2020-01-13,5155.84931506849
2020-01-14,5155.99726027397
2020-01-15,5156.14520547945
2020-01-16,5156.29315068493
2020-01-17,5156.44109589041
2020-01-18,5156.58904109589
2020-01-19,5156.73698630137
2020-01-20,5156.88493150685
2020-01-21,5157.03287671233
2020-01-22,5157.18082191781
2020-01-23,5157.32876712329
2020-01-24,5157.47671232877
2020-01-25,5157.62465753425
2020-01-26,5157.77260273973
2020-01-27,5157.92054794521
2020-01-28,5158.06849315068
2020-01-29,5158.21643835616
2020-01-30,5158.36438356164
2020-01-31,5158.51232876712
2020-02-01,5158.6602739726
2020-02-02,5158.80821917808
2020-02-03,5158.95616438356
2020-02-04,5159.10410958904
2020-02-05,5159.25205479452
2020-02-06,5159.4
2020-02-07,5159.54794520548
2020-02-08,5159.69589041096
2020-02-09,5159.84383561644
2020-02-10,5159.99178082192
2020-02-11,5160.1397260274
2020-02-12,5160.28767123288
2020-02-13,5160.43561643836
2020-02-14,5160.58356164384
2020-02-15,5160.73150684932
2020-02-16,5160.87945205479
2020-02-17,5161.02739726027
2020-02-18,5161.17534246575
2020-02-19,5161.32328767123
2020-02-20,5161.47123287671
2020-02-21,5161.61917808219
2020-02-22,5161.76712328767
2020-02-23,5161.91506849315
2020-02-24,5162.06301369863
2020-02-25,5162.21095890411
2020-02-26,5162.35890410959
2020-02-27,5162.50684931507
2020-02-28,5162.65479452055
2020-02-29,5162.80273972603
2020-03-01,5162.95068493151
2020-03-02,5163.09863013699
2020-03-03,5163.24657534247
2020-03-04,5163.39452054794
2020-03-05,5163.54246575342
2020-03-06,5163.6904109589
2020-03-07,5163.83835616438
2020-03-08,5163.98630136986
2020-03-09,5164.13424657534
2020-03-10,5164.28219178082
2020-03-11,5164.4301369863
2020-03-12,5164.57808219178
2020-03-13,5164.72602739726
2020-03-14,5164.87397260274
2020-03-15,5165.02191780822
2020-03-16,5165.1698630137
2020-03-17,5165.31780821918
2020-03-18,5165.46575342466
2020-03-19,5165.61369863014
2020-03-20,5165.76164383562
2020-03-21,5165.9095890411
2020-03-22,5166.05753424658
2020-03-23,5166.20547945205
2020-03-24,5166.35342465753
2020-03-25,5166.50136986301
2020-03-26,5166.64931506849
2020-03-27,5166.79726027397
2020-03-28,5166.94520547945
2020-03-29,5167.09315068493
2020-03-30,5167.24109589041
2020-03-31,5167.38904109589
2020-04-01,5167.53698630137
2020-04-02,5167.68493150685
2020-04-03,5167.83287671233
2020-04-04,5167.98082191781
2020-04-05,5168.12876712329
2020-04-06,5168.27671232877
2020-04-07,5168.42465753425
2020-04-08,5168.57260273973
2020-04-09,5168.72054794521
2020-04-10,5168.86849315069
2020-04-11,5169.01643835616
2020-04-12,5169.16438356164
2020-04-13,5169.31232876712
2020-04-14,5169.4602739726
2020-04-15,5169.60821917808
2020-04-16,5169.75616438356
2020-04-17,5169.90410958904
2020-04-18,5170.05205479452
2020-04-19,5170.2
2020-04-20,5170.34794520548
2020-04-21,5170.49589041096
2020-04-22,5170.64383561644
2020-04-23,5170.79178082192
2020-04-24,5170.9397260274
2020-04-25,5171.08767123288
2020-04-26,5171.23561643836
2020-04-27,5171.38356164384
2020-04-28,5171.53150684932
2020-04-29,5171.67945205479
2020-04-30,5171.82739726027
2020-05-01,5171.97534246575
2020-05-02,5172.12328767123
2020-05-03,5172.27123287671
2020-05-04,5172.41917808219
2020-05-05,5172.56712328767
2020-05-06,5172.71506849315
2020-05-07,5172.86301369863
2020-05-08,5173.01095890411
2020-05-09,5173.15890410959
2020-05-10,5173.30684931507
2020-05-11,5173.45479452055
2020-05-12,5173.60273972603
2020-05-13,5173.75068493151
2020-05-14,5173.89863013699
2020-05-15,5174.04657534247
2020-05-16,5174.19452054795
2020-05-17,5174.34246575342
2020-05-18,5174.4904109589
2020-05-19,5174.63835616438
2020-05-20,5174.78630136986
2020-05-21,5174.93424657534
2020-05-22,5175.08219178082
2020-05-23,5175.2301369863
2020-05-24,5175.37808219178
2020-05-25,5175.52602739726
2020-05-26,5175.67397260274
2020-05-27,5175.82191780822
2020-05-28,5175.9698630137
2020-05-29,5176.11780821918
2020-05-30,5176.26575342466
2020-05-31,5176.41369863014
2020-06-01,5176.56164383562
2020-06-02,5176.7095890411
2020-06-03,5176.85753424658
2020-06-04,5177.00547945205
2020-06-05,5177.15342465753
2020-06-06,5177.30136986301
2020-06-07,5177.44931506849
2020-06-08,5177.59726027397
2020-06-09,5177.74520547945
2020-06-10,5177.89315068493
2020-06-11,5178.04109589041
2020-06-12,5178.18904109589
2020-06-13,5178.33698630137
2020-06-14,5178.48493150685
2020-06-15,5178.63287671233
2020-06-16,5178.78082191781
2020-06-17,5178.92876712329
2020-06-18,5179.07671232877
2020-06-19,5179.22465753425
2020-06-20,5179.37260273973
2020-06-21,5179.52054794521
2020-06-22,5179.66849315069
2020-06-23,5179.81643835616
2020-06-24,5179.96438356164
2020-06-25,5180.11232876712
2020-06-26,5180.2602739726
2020-06-27,5180.40821917808
2020-06-28,5180.55616438356
2020-06-29,5180.70410958904
2020-06-30,5180.85205479452
2020-07-01,5181
2020-07-02,5181
2020-07-03,5181.07397260274
2020-07-04,5181.14794520548
2020-07-05,5181.22191780822
2020-07-06,5181.29589041096
2020-07-07,5181.3698630137
2020-07-08,5181.44383561644
2020-07-09,5181.51780821918
2020-07-10,5181.59178082192
2020-07-11,5181.66575342466
2020-07-12,5181.7397260274
2020-07-13,5181.81369863014
2020-07-14,5181.88767123288
2020-07-15,5181.96164383562
2020-07-16,5182.03561643836
2020-07-17,5182.1095890411
2020-07-18,5182.18356164384
2020-07-19,5182.25753424658
2020-07-20,5182.33150684931
2020-07-21,5182.40547945205
2020-07-22,5182.47945205479
2020-07-23,5182.55342465753
2020-07-24,5182.62739726027
2020-07-25,5182.70136986301
2020-07-26,5182.77534246575
2020-07-27,5182.84931506849
2020-07-28,5182.92328767123
2020-07-29,5182.99726027397
2020-07-30,5183.07123287671
2020-07-31,5183.14520547945
2020-08-01,5183.21917808219
2020-08-02,5183.29315068493
2020-08-03,5183.36712328767
2020-08-04,5183.44109589041
2020-08-05,5183.51506849315
2020-08-06,5183.58904109589
2020-08-07,5183.66301369863
2020-08-08,5183.73698630137
2020-08-09,5183.81095890411
2020-08-10,5183.88493150685
2020-08-11,5183.95890410959
2020-08-12,5184.03287671233
2020-08-13,5184.10684931507
2020-08-14,5184.18082191781
2020-08-15,5184.25479452055
2020-08-16,5184.32876712329
2020-08-17,5184.40273972603
2020-08-18,5184.47671232877
2020-08-19,5184.55068493151
2020-08-20,5184.62465753425
2020-08-21,5184.69863013699
2020-08-22,5184.77260273973
2020-08-23,5184.84657534247
2020-08-24,5184.92054794521
2020-08-25,5184.99452054795
2020-08-26,5185.06849315068
2020-08-27,5185.14246575342
2020-08-28,5185.21643835616
2020-08-29,5185.2904109589
2020-08-30,5185.36438356164
2020-08-31,5185.43835616438
2020-09-01,5185.51232876712
2020-09-02,5185.58630136986
2020-09-03,5185.6602739726
2020-09-04,5185.73424657534
2020-09-05,5185.80821917808
2020-09-06,5185.88219178082
2020-09-07,5185.95616438356
2020-09-08,5186.0301369863
2020-09-09,5186.10410958904
2020-09-10,5186.17808219178
2020-09-11,5186.25205479452
2020-09-12,5186.32602739726
2020-09-13,5186.4
2020-09-14,5186.47397260274
2020-09-15,5186.54794520548
2020-09-16,5186.62191780822
2020-09-17,5186.69589041096
2020-09-18,5186.7698630137
2020-09-19,5186.84383561644
2020-09-20,5186.91780821918
2020-09-21,5186.99178082192
2020-09-22,5187.06575342466
2020-09-23,5187.1397260274
2020-09-24,5187.21369863014
2020-09-25,5187.28767123288
2020-09-26,5187.36164383562
2020-09-27,5187.43561643836
2020-09-28,5187.5095890411
2020-09-29,5187.58356164384
2020-09-30,5187.65753424658
2020-10-01,5187.73150684932
2020-10-02,5187.80547945205
2020-10-03,5187.87945205479
2020-10-04,5187.95342465753
2020-10-05,5188.02739726027
2020-10-06,5188.10136986301
2020-10-07,5188.17534246575
2020-10-08,5188.24931506849
2020-10-09,5188.32328767123
2020-10-10,5188.39726027397
2020-10-11,5188.47123287671
2020-10-12,5188.54520547945
2020-10-13,5188.61917808219
2020-10-14,5188.69315068493
2020-10-15,5188.76712328767
2020-10-16,5188.84109589041
2020-10-17,5188.91506849315
2020-10-18,5188.98904109589
2020-10-19,5189.06301369863
2020-10-20,5189.13698630137
2020-10-21,5189.21095890411
2020-10-22,5189.28493150685
2020-10-23,5189.35890410959
2020-10-24,5189.43287671233
2020-10-25,5189.50684931507
2020-10-26,5189.58082191781
2020-10-27,5189.65479452055
2020-10-28,5189.72876712329
2020-10-29,5189.80273972603
2020-10-30,5189.87671232877
2020-10-31,5189.95068493151
2020-11-01,5190.02465753425
2020-11-02,5190.09863013699
2020-11-03,5190.17260273973
2020-11-04,5190.24657534247
2020-11-05,5190.32054794521
2020-11-06,5190.39452054794
2020-11-07,5190.46849315068
2020-11-08,5190.54246575342
2020-11-09,5190.61643835616
2020-11-10,5190.6904109589
2020-11-11,5190.76438356164
2020-11-12,5190.83835616438
2020-11-13,5190.91232876712
2020-11-14,5190.98630136986
2020-11-15,5191.0602739726
2020-11-16,5191.13424657534
2020-11-17,5191.20821917808
2020-11-18,5191.28219178082
2020-11-19,5191.35616438356
2020-11-20,5191.4301369863
2020-11-21,5191.50410958904
2020-11-22,5191.57808219178
2020-11-23,5191.65205479452
2020-11-24,5191.72602739726
2020-11-25,5191.8
2020-11-26,5191.87397260274
2020-11-27,5191.94794520548
2020-11-28,5192.02191780822
2020-11-29,5192.09589041096
2020-11-30,5192.1698630137
2020-12-01,5192.24383561644
2020-12-02,5192.31780821918
2020-12-03,5192.39178082192
2020-12-04,5192.46575342466
2020-12-05,5192.5397260274
2020-12-06,5192.61369863014
2020-12-07,5192.68767123288
2020-12-08,5192.76164383562
2020-12-09,5192.83561643836
2020-12-10,5192.9095890411
2020-12-11,5192.98356164384
2020-12-12,5193.05753424658
2020-12-13,5193.13150684931
2020-12-14,5193.20547945205
2020-12-15,5193.27945205479
2020-12-16,5193.35342465753
2020-12-17,5193.42739726027
2020-12-18,5193.50136986301
2020-12-19,5193.57534246575
2020-12-20,5193.64931506849
2020-12-21,5193.72328767123
2020-12-22,5193.79726027397
2020-12-23,5193.87123287671
2020-12-24,5193.94520547945
2020-12-25,5194.01917808219
2020-12-26,5194.09315068493
2020-12-27,5194.16712328767
2020-12-28,5194.24109589041
2020-12-29,5194.31506849315
2020-12-30,5194.38904109589
2020-12-31,5194.46301369863
2021-01-01,5194.53698630137
2021-01-02,5194.61095890411
2021-01-03,5194.68493150685
2021-01-04,5194.75890410959
2021-01-05,5194.83287671233
2021-01-06,5194.90684931507
2021-01-07,5194.98082191781
2021-01-08,5195.05479452055
2021-01-09,5195.12876712329
2021-01-10,5195.20273972603
2021-01-11,5195.27671232877
2021-01-12,5195.35068493151
2021-01-13,5195.42465753425
2021-01-14,5195.49863013699
2021-01-15,5195.57260273973
2021-01-16,5195.64657534247
2021-01-17,5195.72054794521
2021-01-18,5195.79452054795
2021-01-19,5195.86849315069
2021-01-20,5195.94246575342
2021-01-21,5196.01643835616
2021-01-22,5196.0904109589
2021-01-23,5196.16438356164
2021-01-24,5196.23835616438
2021-01-25,5196.31232876712
2021-01-26,5196.38630136986
2021-01-27,5196.4602739726
2021-01-28,5196.53424657534
2021-01-29,5196.60821917808
2021-01-30,5196.68219178082
2021-01-31,5196.75616438356
2021-02-01,5196.8301369863
2021-02-02,5196.90410958904
2021-02-03,5196.97808219178
2021-02-04,5197.05205479452
2021-02-05,5197.12602739726
2021-02-06,5197.2
2021-02-07,5197.27397260274
2021-02-08,5197.34794520548
2021-02-09,5197.42191780822
2021-02-10,5197.49589041096
2021-02-11,5197.5698630137
2021-02-12,5197.64383561644
2021-02-13,5197.71780821918
2021-02-14,5197.79178082192
2021-02-15,5197.86575342466
2021-02-16,5197.9397260274
2021-02-17,5198.01369863014
2021-02-18,5198.08767123288
2021-02-19,5198.16164383562
2021-02-20,5198.23561643836
2021-02-21,5198.3095890411
2021-02-22,5198.38356164384
2021-02-23,5198.45753424658
2021-02-24,5198.53150684932
2021-02-25,5198.60547945206
2021-02-26,5198.67945205479
2021-02-27,5198.75342465753
2021-02-28,5198.82739726027
2021-03-01,5198.90136986301
2021-03-02,5198.97534246575
2021-03-03,5199.04931506849
2021-03-04,5199.12328767123
2021-03-05,5199.19726027397
2021-03-06,5199.27123287671
2021-03-07,5199.34520547945
2021-03-08,5199.41917808219
2021-03-09,5199.49315068493
2021-03-10,5199.56712328767
2021-03-11,5199.64109589041
2021-03-12,5199.71506849315
2021-03-13,5199.78904109589
2021-03-14,5199.86301369863
2021-03-15,5199.93698630137
2021-03-16,5200.01095890411
2021-03-17,5200.08493150685
2021-03-18,5200.15890410959
2021-03-19,5200.23287671233
2021-03-20,5200.30684931507
2021-03-21,5200.38082191781
2021-03-22,5200.45479452055
2021-03-23,5200.52876712329
2021-03-24,5200.60273972603
2021-03-25,5200.67671232877
2021-03-26,5200.75068493151
2021-03-27,5200.82465753425
2021-03-28,5200.89863013699
2021-03-29,5200.97260273973
2021-03-30,5201.04657534247
2021-03-31,5201.12054794521
2021-04-01,5201.19452054795
2021-04-02,5201.26849315068
2021-04-03,5201.34246575342
2021-04-04,5201.41643835616
2021-04-05,5201.4904109589
2021-04-06,5201.56438356164
2021-04-07,5201.63835616438
2021-04-08,5201.71232876712
2021-04-09,5201.78630136986
2021-04-10,5201.8602739726
2021-04-11,5201.93424657534
2021-04-12,5202.00821917808
2021-04-13,5202.08219178082
2021-04-14,5202.15616438356
2021-04-15,5202.2301369863
2021-04-16,5202.30410958904
2021-04-17,5202.37808219178
2021-04-18,5202.45205479452
2021-04-19,5202.52602739726
2021-04-20,5202.6
2021-04-21,5202.67397260274
2021-04-22,5202.74794520548
2021-04-23,5202.82191780822
2021-04-24,5202.89589041096
2021-04-25,5202.9698630137
2021-04-26,5203.04383561644
2021-04-27,5203.11780821918
2021-04-28,5203.19178082192
2021-04-29,5203.26575342466
2021-04-30,5203.3397260274
2021-05-01,5203.41369863014
2021-05-02,5203.48767123288
2021-05-03,5203.56164383562
2021-05-04,5203.63561643836
2021-05-05,5203.7095890411
2021-05-06,5203.78356164384
2021-05-07,5203.85753424658
2021-05-08,5203.93150684932
2021-05-09,5204.00547945205
2021-05-10,5204.07945205479
2021-05-11,5204.15342465753
2021-05-12,5204.22739726027
2021-05-13,5204.30136986301
2021-05-14,5204.37534246575
2021-05-15,5204.44931506849
2021-05-16,5204.52328767123
2021-05-17,5204.59726027397
2021-05-18,5204.67123287671
2021-05-19,5204.74520547945
2021-05-20,5204.81917808219
2021-05-21,5204.89315068493
2021-05-22,5204.96712328767
2021-05-23,5205.04109589041
2021-05-24,5205.11506849315
2021-05-25,5205.18904109589
2021-05-26,5205.26301369863
2021-05-27,5205.33698630137
2021-05-28,5205.41095890411
2021-05-29,5205.48493150685
2021-05-30,5205.55890410959
2021-05-31,5205.63287671233
2021-06-01,5205.70684931507
2021-06-02,5205.78082191781
2021-06-03,5205.85479452055
2021-06-04,5205.92876712329
2021-06-05,5206.00273972603
2021-06-06,5206.07671232877
2021-06-07,5206.15068493151
2021-06-08,5206.22465753425
2021-06-09,5206.29863013699
2021-06-10,5206.37260273973
2021-06-11,5206.44657534247
2021-06-12,5206.52054794521
2021-06-13,5206.59452054795
2021-06-14,5206.66849315069
2021-06-15,5206.74246575342
2021-06-16,5206.81643835616
2021-06-17,5206.8904109589
2021-06-18,5206.96438356164
2021-06-19,5207.03835616438
2021-06-20,5207.11232876712
2021-06-21,5207.18630136986
2021-06-22,5207.2602739726
2021-06-23,5207.33424657534
2021-06-24,5207.40821917808
2021-06-25,5207.48219178082
2021-06-26,5207.55616438356
2021-06-27,5207.6301369863
2021-06-28,5207.70410958904
2021-06-29,5207.77808219178
2021-06-30,5207.85205479452
2021-07-01,5207.92602739726
2021-07-02,5208
2021-07-03,5208.39726027397
2021-07-04,5208.79452054795
2021-07-05,5209.19178082192
2021-07-06,5209.58904109589
2021-07-07,5209.98630136986
2021-07-08,5210.38356164384
2021-07-09,5210.78082191781
2021-07-10,5211.17808219178
2021-07-11,5211.57534246575
2021-07-12,5211.97260273973
2021-07-13,5212.3698630137
2021-07-14,5212.76712328767
2021-07-15,5213.16438356164
2021-07-16,5213.56164383562
2021-07-17,5213.95890410959
2021-07-18,5214.35616438356
2021-07-19,5214.75342465753
2021-07-20,5215.15068493151
2021-07-21,5215.54794520548
2021-07-22,5215.94520547945
2021-07-23,5216.34246575342
2021-07-24,5216.7397260274
2021-07-25,5217.13698630137
2021-07-26,5217.53424657534
2021-07-27,5217.93150684932
2021-07-28,5218.32876712329
2021-07-29,5218.72602739726
2021-07-30,5219.12328767123
2021-07-31,5219.52054794521
2021-08-01,5219.91780821918
2021-08-02,5220.31506849315
2021-08-03,5220.71232876712
2021-08-04,5221.1095890411
2021-08-05,5221.50684931507
2021-08-06,5221.90410958904
2021-08-07,5222.30136986301
2021-08-08,5222.69863013699
2021-08-09,5223.09589041096
2021-08-10,5223.49315068493
2021-08-11,5223.8904109589
2021-08-12,5224.28767123288
2021-08-13,5224.68493150685
2021-08-14,5225.08219178082
2021-08-15,5225.47945205479
2021-08-16,5225.87671232877
2021-08-17,5226.27397260274
2021-08-18,5226.67123287671
2021-08-19,5227.06849315068
2021-08-20,5227.46575342466
2021-08-21,5227.86301369863
2021-08-22,5228.2602739726
2021-08-23,5228.65753424658
2021-08-24,5229.05479452055
2021-08-25,5229.45205479452
2021-08-26,5229.84931506849
2021-08-27,5230.24657534247
2021-08-28,5230.64383561644
2021-08-29,5231.04109589041
2021-08-30,5231.43835616438
2021-08-31,5231.83561643836
2021-09-01,5232.23287671233
2021-09-02,5232.6301369863
2021-09-03,5233.02739726027
2021-09-04,5233.42465753425
2021-09-05,5233.82191780822
2021-09-06,5234.21917808219
2021-09-07,5234.61643835616
2021-09-08,5235.01369863014
2021-09-09,5235.41095890411
2021-09-10,5235.80821917808
2021-09-11,5236.20547945205
2021-09-12,5236.60273972603
2021-09-13,5237
2021-09-14,5237.39726027397
2021-09-15,5237.79452054795
2021-09-16,5238.19178082192
2021-09-17,5238.58904109589
2021-09-18,5238.98630136986
2021-09-19,5239.38356164384
2021-09-20,5239.78082191781
2021-09-21,5240.17808219178
2021-09-22,5240.57534246575
2021-09-23,5240.97260273973
2021-09-24,5241.3698630137
2021-09-25,5241.76712328767
2021-09-26,5242.16438356164
2021-09-27,5242.56164383562
2021-09-28,5242.95890410959
2021-09-29,5243.35616438356
2021-09-30,5243.75342465753
2021-10-01,5244.15068493151
2021-10-02,5244.54794520548
2021-10-03,5244.94520547945
2021-10-04,5245.34246575342
2021-10-05,5245.7397260274
2021-10-06,5246.13698630137
2021-10-07,5246.53424657534
2021-10-08,5246.93150684932
2021-10-09,5247.32876712329
2021-10-10,5247.72602739726
2021-10-11,5248.12328767123
2021-10-12,5248.52054794521
2021-10-13,5248.91780821918
2021-10-14,5249.31506849315
2021-10-15,5249.71232876712
2021-10-16,5250.1095890411
2021-10-17,5250.50684931507
2021-10-18,5250.90410958904
2021-10-19,5251.30136986301
2021-10-20,5251.69863013699
2021-10-21,5252.09589041096
2021-10-22,5252.49315068493
2021-10-23,5252.8904109589
2021-10-24,5253.28767123288
2021-10-25,5253.68493150685
2021-10-26,5254.08219178082
2021-10-27,5254.47945205479
2021-10-28,5254.87671232877
2021-10-29,5255.27397260274
2021-10-30,5255.67123287671
2021-10-31,5256.06849315068
2021-11-01,5256.46575342466
2021-11-02,5256.86301369863
2021-11-03,5257.2602739726
2021-11-04,5257.65753424658
2021-11-05,5258.05479452055
2021-11-06,5258.45205479452
2021-11-07,5258.84931506849
2021-11-08,5259.24657534247
2021-11-09,5259.64383561644
2021-11-10,5260.04109589041
2021-11-11,5260.43835616438
2021-11-12,5260.83561643836
2021-11-13,5261.23287671233
2021-11-14,5261.6301369863
2021-11-15,5262.02739726027
2021-11-16,5262.42465753425
2021-11-17,5262.82191780822
2021-11-18,5263.21917808219
2021-11-19,5263.61643835616
2021-11-20,5264.01369863014
2021-11-21,5264.41095890411
2021-11-22,5264.80821917808
2021-11-23,5265.20547945205
2021-11-24,5265.60273972603
2021-11-25,5266
2021-11-26,5266.39726027397
2021-11-27,5266.79452054795
2021-11-28,5267.19178082192
2021-11-29,5267.58904109589
2021-11-30,5267.98630136986
2021-12-01,5268.38356164384
2021-12-02,5268.78082191781
2021-12-03,5269.17808219178
2021-12-04,5269.57534246575
2021-12-05,5269.97260273973
2021-12-06,5270.3698630137
2021-12-07,5270.76712328767
2021-12-08,5271.16438356164
2021-12-09,5271.56164383562
2021-12-10,5271.95890410959
2021-12-11,5272.35616438356
2021-12-12,5272.75342465753
2021-12-13,5273.15068493151
2021-12-14,5273.54794520548
2021-12-15,5273.94520547945
2021-12-16,5274.34246575342
2021-12-17,5274.7397260274
2021-12-18,5275.13698630137
2021-12-19,5275.53424657534
2021-12-20,5275.93150684932
2021-12-21,5276.32876712329
2021-12-22,5276.72602739726
2021-12-23,5277.12328767123
2021-12-24,5277.52054794521
2021-12-25,5277.91780821918
2021-12-26,5278.31506849315
2021-12-27,5278.71232876712
2021-12-28,5279.1095890411
2021-12-29,5279.50684931507
2021-12-30,5279.90410958904
2021-12-31,5280.30136986301
2022-01-01,5280.69863013699
2022-01-02,5281.09589041096
2022-01-03,5281.49315068493
2022-01-04,5281.8904109589
2022-01-05,5282.28767123288
2022-01-06,5282.68493150685
2022-01-07,5283.08219178082
2022-01-08,5283.47945205479
2022-01-09,5283.87671232877
2022-01-10,5284.27397260274
2022-01-11,5284.67123287671
2022-01-12,5285.06849315068
2022-01-13,5285.46575342466
2022-01-14,5285.86301369863
2022-01-15,5286.2602739726
2022-01-16,5286.65753424658
2022-01-17,5287.05479452055
2022-01-18,5287.45205479452
2022-01-19,5287.84931506849
2022-01-20,5288.24657534247
2022-01-21,5288.64383561644
2022-01-22,5289.04109589041
2022-01-23,5289.43835616438
2022-01-24,5289.83561643836
2022-01-25,5290.23287671233
2022-01-26,5290.6301369863
2022-01-27,5291.02739726027
2022-01-28,5291.42465753425
2022-01-29,5291.82191780822
2022-01-30,5292.21917808219
2022-01-31,5292.61643835616
2022-02-01,5293.01369863014
2022-02-02,5293.41095890411
2022-02-03,5293.80821917808
2022-02-04,5294.20547945205
2022-02-05,5294.60273972603
2022-02-06,5295
2022-02-07,5295.39726027397
2022-02-08,5295.79452054795
2022-02-09,5296.19178082192
2022-02-10,5296.58904109589
2022-02-11,5296.98630136986
2022-02-12,5297.38356164384
2022-02-13,5297.78082191781
2022-02-14,5298.17808219178
2022-02-15,5298.57534246575
2022-02-16,5298.97260273973
2022-02-17,5299.3698630137
2022-02-18,5299.76712328767
2022-02-19,5300.16438356164
2022-02-20,5300.56164383562
2022-02-21,5300.95890410959
2022-02-22,5301.35616438356
2022-02-23,5301.75342465753
2022-02-24,5302.15068493151
2022-02-25,5302.54794520548
2022-02-26,5302.94520547945
2022-02-27,5303.34246575342
2022-02-28,5303.7397260274
2022-03-01,5304.13698630137
2022-03-02,5304.53424657534
2022-03-03,5304.93150684932
2022-03-04,5305.32876712329
2022-03-05,5305.72602739726
2022-03-06,5306.12328767123
2022-03-07,5306.52054794521
2022-03-08,5306.91780821918
2022-03-09,5307.31506849315
2022-03-10,5307.71232876712
2022-03-11,5308.1095890411
2022-03-12,5308.50684931507
2022-03-13,5308.90410958904
2022-03-14,5309.30136986301
2022-03-15,5309.69863013699
2022-03-16,5310.09589041096
2022-03-17,5310.49315068493
2022-03-18,5310.8904109589
2022-03-19,5311.28767123288
2022-03-20,5311.68493150685
2022-03-21,5312.08219178082
2022-03-22,5312.47945205479
2022-03-23,5312.87671232877
2022-03-24,5313.27397260274
2022-03-25,5313.67123287671
2022-03-26,5314.06849315068
2022-03-27,5314.46575342466
2022-03-28,5314.86301369863
2022-03-29,5315.2602739726
2022-03-30,5315.65753424658
2022-03-31,5316.05479452055
2022-04-01,5316.45205479452
2022-04-02,5316.84931506849
2022-04-03,5317.24657534247
2022-04-04,5317.64383561644
2022-04-05,5318.04109589041
2022-04-06,5318.43835616438
2022-04-07,5318.83561643836
2022-04-08,5319.23287671233
2022-04-09,5319.6301369863
2022-04-10,5320.02739726027
2022-04-11,5320.42465753425
2022-04-12,5320.82191780822
2022-04-13,5321.21917808219
2022-04-14,5321.61643835616
2022-04-15,5322.01369863014
2022-04-16,5322.41095890411
2022-04-17,5322.80821917808
2022-04-18,5323.20547945205
2022-04-19,5323.60273972603
2022-04-20,5324
2022-04-21,5324.39726027397
2022-04-22,5324.79452054795
2022-04-23,5325.19178082192
2022-04-24,5325.58904109589
2022-04-25,5325.98630136986
2022-04-26,5326.38356164384
2022-04-27,5326.78082191781
2022-04-28,5327.17808219178
2022-04-29,5327.57534246575
2022-04-30,5327.97260273973
2022-05-01,5328.3698630137
2022-05-02,5328.76712328767
2022-05-03,5329.16438356164
2022-05-04,5329.56164383562
2022-05-05,5329.95890410959
2022-05-06,5330.35616438356
2022-05-07,5330.75342465753
2022-05-08,5331.15068493151
2022-05-09,5331.54794520548
2022-05-10,5331.94520547945
2022-05-11,5332.34246575342
2022-05-12,5332.7397260274
2022-05-13,5333.13698630137
2022-05-14,5333.53424657534
2022-05-15,5333.93150684932
2022-05-16,5334.32876712329
2022-05-17,5334.72602739726
2022-05-18,5335.12328767123
2022-05-19,5335.52054794521
2022-05-20,5335.91780821918
2022-05-21,5336.31506849315
2022-05-22,5336.71232876712
2022-05-23,5337.1095890411
2022-05-24,5337.50684931507
2022-05-25,5337.90410958904
2022-05-26,5338.30136986301
2022-05-27,5338.69863013699
2022-05-28,5339.09589041096
2022-05-29,5339.49315068493
2022-05-30,5339.8904109589
2022-05-31,5340.28767123288
2022-06-01,5340.68493150685
2022-06-02,5341.08219178082
2022-06-03,5341.47945205479
2022-06-04,5341.87671232877
2022-06-05,5342.27397260274
2022-06-06,5342.67123287671
2022-06-07,5343.06849315068
2022-06-08,5343.46575342466
2022-06-09,5343.86301369863
2022-06-10,5344.2602739726
2022-06-11,5344.65753424658
2022-06-12,5345.05479452055
2022-06-13,5345.45205479452
2022-06-14,5345.84931506849
2022-06-15,5346.24657534247
2022-06-16,5346.64383561644
2022-06-17,5347.04109589041
2022-06-18,5347.43835616438
2022-06-19,5347.83561643836
2022-06-20,5348.23287671233
2022-06-21,5348.6301369863
2022-06-22,5349.02739726027
2022-06-23,5349.42465753425
2022-06-24,5349.82191780822
2022-06-25,5350.21917808219
2022-06-26,5350.61643835616
2022-06-27,5351.01369863014
2022-06-28,5351.41095890411
2022-06-29,5351.80821917808
2022-06-30,5352.20547945205
2022-07-01,5352.60273972603
2022-07-02,5353
2022-07-03,5353
2022-07-04,5353
2022-07-05,5353
2022-07-06,5353
2022-07-07,5353
2022-07-08,5353
2022-07-09,5353
2022-07-10,5353
2022-07-11,5353
2022-07-12,5353
2022-07-13,5353
2022-07-14,5353
2022-07-15,5353
2022-07-16,5353
2022-07-17,5353
2022-07-18,5353
2022-07-19,5353
2022-07-20,5353
2022-07-21,5353
2022-07-22,5353
2022-07-23,5353
2022-07-24,5353
2022-07-25,5353
2022-07-26,5353
2022-07-27,5353
2022-07-28,5353
2022-07-29,5353
2022-07-30,5353
2022-07-31,5353
2022-08-01,5353
2022-08-02,5353
2022-08-03,5353
2022-08-04,5353
2022-08-05,5353
2022-08-06,5353
2022-08-07,5353
2022-08-08,5353
2022-08-09,5353
2022-08-10,5353
2022-08-11,5353
2022-08-12,5353
2022-08-13,5353
2022-08-14,5353
2022-08-15,5353
2022-08-16,5353
2022-08-17,5353
2022-08-18,5353
2022-08-19,5353
2022-08-20,5353
2022-08-21,5353
2022-08-22,5353
2022-08-23,5353
2022-08-24,5353
2022-08-25,5353
2022-08-26,5353
2022-08-27,5353
2022-08-28,5353
2022-08-29,5353
2022-08-30,5353
2022-08-31,5353
2022-09-01,5353
2022-09-02,5353
2022-09-03,5353
2022-09-04,5353
2022-09-05,5353
2022-09-06,5353
2022-09-07,5353
2022-09-08,5353
2022-09-09,5353
2022-09-10,5353
2022-09-11,5353
2022-09-12,5353
2022-09-13,5353
2022-09-14,5353
2022-09-15,5353
2022-09-16,5353
2022-09-17,5353
2022-09-18,5353
2022-09-19,5353
2022-09-20,5353
2022-09-21,5353
2022-09-22,5353
2022-09-23,5353
2022-09-24,5353
2022-09-25,5353
2022-09-26,5353
2022-09-27,5353
2022-09-28,5353
2022-09-29,5353
2022-09-30,5353
2022-10-01,5353
2022-10-02,5353
2022-10-03,5353
2022-10-04,5353
2022-10-05,5353
2022-10-06,5353
2022-10-07,5353
2022-10-08,5353
2022-10-09,5353
2022-10-10,5353
2022-10-11,5353
2022-10-12,5353
2022-10-13,5353
2022-10-14,5353
2022-10-15,5353
2022-10-16,5353
2022-10-17,5353
2022-10-18,5353
2022-10-19,5353
2022-10-20,5353
2022-10-21,5353
2022-10-22,5353
2022-10-23,5353
2022-10-24,5353
2022-10-25,5353
2022-10-26,5353
2022-10-27,5353
2022-10-28,5353
2022-10-29,5353
2022-10-30,5353
2022-10-31,5353
2022-11-01,5353
2022-11-02,5353
2022-11-03,5353
2022-11-04,5353
2022-11-05,5353
2022-11-06,5353
2022-11-07,5353
2022-11-08,5353
2022-11-09,5353
2022-11-10,5353
2022-11-11,5353
2022-11-12,5353
2022-11-13,5353
2022-11-14,5353
2022-11-15,5353
2022-11-16,5353
2022-11-17,5353
2022-11-18,5353
2022-11-19,5353
2022-11-20,5353
2022-11-21,5353
2022-11-22,5353
2022-11-23,5353
2022-11-24,5353
2022-11-25,5353
2022-11-26,5353
2022-11-27,5353
2022-11-28,5353
2022-11-29,5353
2022-11-30,5353
2022-12-01,5353
2022-12-02,5353
2022-12-03,5353
2022-12-04,5353
2022-12-05,5353
2022-12-06,5353
2022-12-07,5353
2022-12-08,5353
2022-12-09,5353
2022-12-10,5353
2022-12-11,5353
2022-12-12,5353
2022-12-13,5353
2022-12-14,5353
2022-12-15,5353
2022-12-16,5353
2022-12-17,5353
2022-12-18,5353
2022-12-19,5353
2022-12-20,5353
2022-12-21,5353
2022-12-22,5353
2022-12-23,5353
2022-12-24,5353
2022-12-25,5353
2022-12-26,5353
2022-12-27,5353
2022-12-28,5353
2022-12-29,5353
2022-12-30,5353
2022-12-31,5353
2023-01-01,5353
2023-01-02,5353
2023-01-03,5353
2023-01-04,5353
2023-01-05,5353
2023-01-06,5353
2023-01-07,5353
2023-01-08,5353
2023-01-09,5353
2023-01-10,5353
2023-01-11,5353
2023-01-12,5353
2023-01-13,5353
2023-01-14,5353
2023-01-15,5353
2023-01-16,5353
2023-01-17,5353
2023-01-18,5353
2023-01-19,5353
2023-01-20,5353
2023-01-21,5353
2023-01-22,5353
2023-01-23,5353
2023-01-24,5353
2023-01-25,5353
2023-01-26,5353
2023-01-27,5353
2023-01-28,5353
2023-01-29,5353
2023-01-30,5353
2023-01-31,5353
2023-02-01,5353
2023-02-02,5353
2023-02-03,5353
2023-02-04,5353
2023-02-05,5353
2023-02-06,5353
2023-02-07,5353
2023-02-08,5353
2023-02-09,5353
2023-02-10,5353
2023-02-11,5353
2023-02-12,5353
2023-02-13,5353
2023-02-14,5353
2023-02-15,5353
2023-02-16,5353
2023-02-17,5353
2023-02-18,5353
2023-02-19,5353
2023-02-20,5353
2023-02-21,5353
2023-02-22,5353
2023-02-23,5353
2023-02-24,5353
2023-02-25,5353
2023-02-26,5353
2023-02-27,5353
2023-02-28,5353
2023-03-01,5353
2023-03-02,5353
2023-03-03,5353
2023-03-04,5353
2023-03-05,5353
2023-03-06,5353
2023-03-07,5353
2023-03-08,5353
2023-03-09,5353
2023-03-10,5353
2023-03-11,5353
2023-03-12,5353
2023-03-13,5353
2023-03-14,5353
2023-03-15,5353
2023-03-16,5353
2023-03-17,5353
2023-03-18,5353
2023-03-19,5353
2023-03-20,5353
2023-03-21,5353
2023-03-22,5353
2023-03-23,5353
2023-03-24,5353
2023-03-25,5353
2023-03-26,5353
2023-03-27,5353
2023-03-28,5353
2023-03-29,5353
2023-03-30,5353
2023-03-31,5353
2023-04-01,5353
2023-04-02,5353
2023-04-03,5353
2023-04-04,5353
2023-04-05,5353
2023-04-06,5353
2023-04-07,5353
2023-04-08,5353
2023-04-09,5353
2023-04-10,5353
2023-04-11,5353
2023-04-12,5353
2023-04-13,5353
2023-04-14,5353
2023-04-15,5353
2023-04-16,5353
2023-04-17,5353
2023-04-18,5353
2023-04-19,5353
2023-04-20,5353
2023-04-21,5353
2023-04-22,5353
2023-04-23,5353
2023-04-24,5353
2023-04-25,5353
2023-04-26,5353
2023-04-27,5353
2023-04-28,5353
2023-04-29,5353
2023-04-30,5353
2023-05-01,5353
2023-05-02,5353
2023-05-03,5353
2023-05-04,5353
2023-05-05,5353
2023-05-06,5353
2023-05-07,5353
2023-05-08,5353
2023-05-09,5353
2023-05-10,5353
2023-05-11,5353
2023-05-12,5353
2023-05-13,5353
2023-05-14,5353
2023-05-15,5353
2023-05-16,5353
2023-05-17,5353
2023-05-18,5353
2023-05-19,5353
2023-05-20,5353
2023-05-21,5353
2023-05-22,5353
2023-05-23,5353
2023-05-24,5353
2023-05-25,5353
2023-05-26,5353
2023-05-27,5353
2023-05-28,5353
2023-05-29,5353
2023-05-30,5353
2023-05-31,5353
2023-06-01,5353
2023-06-02,5353
2023-06-03,5353
2023-06-04,5353
2023-06-05,5353
2023-06-06,5353
2023-06-07,5353
2023-06-08,5353
2023-06-09,5353
2023-06-10,5353
2023-06-11,5353
2023-06-12,5353
2023-06-13,5353
2023-06-14,5353
2023-06-15,5353
2023-06-16,5353
2023-06-17,5353
2023-06-18,5353
2023-06-19,5353
2023-06-20,5353
2023-06-21,5353
2023-06-22,5353
2023-06-23,5353
2023-06-24,5353
2023-06-25,5353
2023-06-26,5353
2023-06-27,5353
2023-06-28,5353
2023-06-29,5353
2023-06-30,5353
2023-07-01,5353
2023-07-02,5353
2023-07-03,5353
2023-07-04,5353
2023-07-05,5353
2023-07-06,5353
2023-07-07,5353
2023-07-08,5353
2023-07-09,5353
2023-07-10,5353
2023-07-11,5353
2023-07-12,5353
2023-07-13,5353
2023-07-14,5353
2023-07-15,5353
2023-07-16,5353
2023-07-17,5353
2023-07-18,5353
2023-07-19,5353
2023-07-20,5353
2023-07-21,5353
2023-07-22,5353
2023-07-23,5353
2023-07-24,5353
2023-07-25,5353
2023-07-26,5353
2023-07-27,5353
2023-07-28,5353
2023-07-29,5353
2023-07-30,5353
2023-07-31,5353
2023-08-01,5353
2023-08-02,5353
2023-08-03,5353
2023-08-04,5353
2023-08-05,5353
2023-08-06,5353
2023-08-07,5353
2023-08-08,5353
2023-08-09,5353
2023-08-10,5353
2023-08-11,5353
2023-08-12,5353
2023-08-13,5353
2023-08-14,5353
2023-08-15,5353
2023-08-16,5353
2023-08-17,5353
2023-08-18,5353
2023-08-19,5353
2023-08-20,5353
2023-08-21,5353
2023-08-22,5353
2023-08-23,5353
2023-08-24,5353
2023-08-25,5353
2023-08-26,5353
2023-08-27,5353
2023-08-28,5353
2023-08-29,5353
2023-08-30,5353
2023-08-31,5353
2023-09-01,5353
2023-09-02,5353
